Workbook

Sheet ÇEKİ LİSTESİ (1)
A1: Tarih : Date Sayfa Nr : Page Nr : | C1: ='ÇALIŞMA SAYFASI'!C2 -> 46049 | D1: ÇEKİ LİSTESİ /PACKING LIST
C2: 1 / 1
B3: Fb.Nr./ Serial Nr | D3: : | E3: ='ÇALIŞMA SAYFASI'!E2 -> PA600-44&53 | H3: Müşteri / Client : | J3: ='ÇALIŞMA SAYFASI'!G2 -> SONELGAZ
B4: Güç / Rated Power (MVA) | D4: : | E4: ='ÇALIŞMA SAYFASI'!E4 -> 120 | H4: Adres / Location : | J4: ='ÇALIŞMA SAYFASI'!G4 -> ALGERIA
B5: Gerilim / Rated Voltage (kV) | D5: : | E5: ='ÇALIŞMA SAYFASI'!E6 -> 220 | M5: 44665
B6: Ölçü Resmi Nr. / Dimensional Drw.Nr. | F6: : | G6: ='ÇALIŞMA SAYFASI'!M4 -> T01128371 | M6: TOPLAM YAG : | N6: 52000
B7: Nakil Ölçü Resmi Nr./Transport Dimensional Drw.Nr. | F7: : | G7: ='ÇALIŞMA SAYFASI'!M3 -> T01128380 | M7: YAG CİNSİ : | N7: NYNAS NYTRO LYRA X
B8: Son Montaj Resmi Nr./Final Assembly Drw.Nr. | F8: : | G8: ='ÇALIŞMA SAYFASI'!M2 -> T01140490
B9: Project Manager | F9: : | G9: ACHAFI MAHAMAT
M10: EMİLEN YAG MİKTARI | P10: DİPTE KALAN YAG HESABI
C11: Transformatör yağlı, kapak altından …………. mm indirilmiş | P11: UZUNLUK | Q11: GENİŞLİK
C12: Transformer Partly Filled With Oil Up to ………….mm Below Tank Cover | R12: =P12*Q12*0.03*0.7*0.85/1000 -> 0 | S12: =M11+R12 -> 0
C13: Transformatör yağsız / Transformer Without Oil | J13: ÖLÇÜLER DEGİŞTİ
C14: Kuru Hava Basıldı / Dry Air Filled | J14: ÖLÇÜLER DEGİŞEBİLİR | O14: TOPLAM SEVK OLACAK YAG MİKTARI | S14: =N6-S12 -> 52000
C15: Gaz basıncı …220... mbar / Dry Air Pressure ...220.. mbar | J15: İLAVE SANDIK
C16: Kuru Hava Tüpü Montajı Var / Dry Air Tube Assembled | J16: YEDEK MALZEME VAR
C17: Darbe kaydedici / Shock Recorder | F17: Type: | G17: Electronic | H17: Pcs: | I17: 2
C18: Hazır Olan Malzemeler
B20: Trafo Sevk Tarihi : | G20: Aksesuar Sevk Tarihi
B21: Transformer Delivery Date | G21: Accessories Delivery Date | M21: =M53=' PACKING LIST'!D59 -> FALSE | N21: =N53=' PACKING LIST'!E59 -> FALSE | O21: =O53=' PACKING LIST'!I59 -> FALSE
A23: KOLİ PACKAGE | D23: AĞIRLIK WEIGHT | F23: ÖLÇÜLER DIMENSIONS | I23: MALZEME MATERIAL | M23: NET | N23: BRUT | O23: M3
A24: Koli Case Nr: | B24: Adet Quantity | C24: Ambalaj Cinsi Package Type | D24: Net Net (kg) | E24: Brüt Gross (kg) | F24: Uzunluk Length (mm) | G24: Genişlik Width (mm) | H24: Yükseklik Height (mm) | I24: Adet Quantity | J24: Cinsi Description
A25: 1 | B25: 1 | C25: Kısmı Ambalaj | D25: 173000 | E25: 173000 | F25: 9300 | G25: 3200 | H25: 4600 | I25: 1 | J25: Transformatör | M25: =B25*D25 -> 173000 | N25: =B25*E25 -> 173000 | O25: =B25*F25*G25*H25/1000000000 -> 136.896
M26: =B26*D26 -> 0 | N26: =B26*E26 -> 0 | O26: =B26*F26*G26*H26/1000000000 -> 0
A27: 2 | B27: 1 | C27: Kapalı Sandık | D27: 1450 | E27: 1600 | F27: 2100 | G27: 1000 | H27: 850 | I27: 4 | J27: Tekerlek ve Aksamları | M27: =B27*D27 -> 1450 | N27: =B27*E27 -> 1600 | O27: =B27*F27*G27*H27/1000000000 -> 1.785
A28: 3 | B28: 1 | C28: Kapalı Sandık | D28: 1200 | E28: 1500 | F28: 3050 | G28: 900 | H28: 800 | I28: 2 | J28: Travers Konsolları Yan | M28: =B28*D28 -> 1200 | N28: =B28*E28 -> 1500 | O28: =B28*F28*G28*H28/1000000000 -> 2.196
A29: 4 | B29: 1 | C29: Kapalı Sandık | D29: 1400 | E29: 1700 | F29: 3050 | G29: 1000 | H29: 800 | I29: 1 | J29: Travers Konsolları Orta | M29: =B29*D29 -> 1400 | N29: =B29*E29 -> 1700 | O29: =B29*F29*G29*H29/1000000000 -> 2.44
A30: 5 | B30: 1 | C30: Kapalı Sandık | D30: 2200 | E30: 2700 | F30: 4600 | G30: 1850 | H30: 2600 | I30: 1 | J30: Genleşme Kabı ve Nem Alıcılar | M30: =B30*D30 -> 2200 | N30: =B30*E30 -> 2700 | O30: =B30*F30*G30*H30/1000000000 -> 22.126
A31: 6-7 | B31: 2 | C31: Kapalı Sandık | D31: 1100 | E31: 1400 | F31: 2850 | G31: 1700 | H31: 1375 | I31: 2 | J31: Radyatör | M31: =B31*D31 -> 2200 | N31: =B31*E31 -> 2800 | O31: =B31*F31*G31*H31/1000000000 -> 13.32375
A32: 8-15 | B32: 8 | C32: Kapalı Sandık | D32: 1650 | E32: 2100 | F32: 2850 | G32: 1700 | H32: 1925 | I32: 3 | J32: Radyatör | M32: =B32*D32 -> 13200 | N32: =B32*E32 -> 16800 | O32: =B32*F32*G32*H32/1000000000 -> 74.613
A33: 16-17 | B33: 2 | C33: Kapalı Sandık | D33: 315 | E33: 700 | F33: 3650 | G33: 1350 | H33: 950 | I33: 3 | J33: Fan | M33: =B33*D33 -> 630 | N33: =B33*E33 -> 1400 | O33: =B33*F33*G33*H33/1000000000 -> 9.36225
A34: 18-19 | B34: 2 | C34: Kapalı Sandık | D34: 420 | E34: 950 | F34: 4800 | G34: 1350 | H34: 950 | I34: 4 | J34: Fan | M34: =B34*D34 -> 840 | N34: =B34*E34 -> 1900 | O34: =B34*F34*G34*H34/1000000000 -> 12.312
A35: 20 | B35: 1 | C35: Kapalı Sandık | D35: 700 | E35: 900 | F35: 2000 | G35: 1550 | H35: 2000 | I35: 2 | J35: YG DOM (1U-1W) | M35: =B35*D35 -> 700 | N35: =B35*E35 -> 900 | O35: =B35*F35*G35*H35/1000000000 -> 6.2
A36: 21 | B36: 1 | C36: Kapalı Sandık | D36: 350 | E36: 450 | F36: 1900 | G36: 1250 | H36: 1800 | I36: 2 | J36: YG DOM (1V-1N) | M36: =B36*D36 -> 350 | N36: =B36*E36 -> 450 | O36: =B36*F36*G36*H36/1000000000 -> 4.275
A37: 22 | B37: 1 | C37: Kapalı Sandık | D37: 1700 | E37: 2200 | F37: 5000 | G37: 1300 | H37: 1200 | I37: 40 | J37: Depo Konsolu ve Diğer Aksamlar | M37: =B37*D37 -> 1700 | N37: =B37*E37 -> 2200 | O37: =B37*F37*G37*H37/1000000000 -> 7.8
A38: 23 | B38: 1 | C38: Kapalı Sandık | D38: 800 | E38: 1300 | F38: 5100 | G38: 1300 | H38: 1300 | I38: 1+1Set | J38: Trafo Merdiveni + Boru Donanım | M38: =B38*D38 -> 800 | N38: =B38*E38 -> 1300 | O38: =B38*F38*G38*H38/1000000000 -> 8.619
A39: 24 | B39: 1 | C39: Kapalı Sandık | D39: 800 | E39: 1000 | F39: 3050 | G39: 1000 | H39: 900 | I39: 1 Set | J39: Aksesuar Malzemeleri + Trafo Montaj Ekipmanları | M39: =B39*D39 -> 800 | N39: =B39*E39 -> 1000 | O39: =B39*F39*G39*H39/1000000000 -> 2.745
A40: 25-27 | B40: 3 | C40: Kendi Sandıgı | D40: 315 | E40: 438 | F40: 4500 | G40: 600 | H40: 700 | I40: 1 | J40: YG Bushing | M40: =B40*D40 -> 945 | N40: =B40*E40 -> 1314 | O40: =B40*F40*G40*H40/1000000000 -> 5.67
A41: 28 | B41: 1 | C41: Kendi Sandıgı | D41: 295 | E41: 395 | F41: 3900 | G41: 600 | H41: 700 | I41: 1 | J41: YG N Bushing | M41: =B41*D41 -> 295 | N41: =B41*E41 -> 395 | O41: =B41*F41*G41*H41/1000000000 -> 1.638
A42: 29 | B42: 1 | C42: Kendi Sandıgı | D42: 180 | E42: 270 | F42: 2250 | G42: 1130 | H42: 600 | I42: 3 | J42: AG Bushing | M42: =B42*D42 -> 180 | N42: =B42*E42 -> 270 | O42: =B42*F42*G42*H42/1000000000 -> 1.5255
A43: 30 | B43: 1 | C43: Kendi Sandıgı | D43: 48 | E43: 91 | F43: 1700 | G43: 380 | H43: 580 | I43: 1 | J43: AG N Bushing | M43: =B43*D43 -> 48 | N43: =B43*E43 -> 91 | O43: =B43*F43*G43*H43/1000000000 -> 0.37468
A44: 31-34 | B44: 4 | C44: Kendi Sandıgı | D44: 60 | E44: 102 | F44: 1950 | G44: 450 | H44: 600 | I44: 1 | J44: Tersiyer Bushing | M44: =B44*D44 -> 240 | N44: =B44*E44 -> 408 | O44: =B44*F44*G44*H44/1000000000 -> 2.106
A45: 35-44 | B45: 10 | C45: Tahta Palet | D45: 728 | E45: 828 | F45: 1200 | G45: 1200 | H45: 1100 | I45: 4 | J45: Trafo Yağı | M45: =B45*D45 -> 7280 | N45: =B45*E45 -> 8280 | O45: =B45*F45*G45*H45/1000000000 -> 15.84
A46: 45 | B46: 1 | C46: Kapalı Sandık | D46: 450 | E46: 700 | F46: 2050 | G46: 1100 | H46: 1000 | I46: 1 | J46: Tersiyer Dom | M46: =B46*D46 -> 450 | N46: =B46*E46 -> 700 | O46: =B46*F46*G46*H46/1000000000 -> 2.255
A47: 46 | B47: 1 | C47: Kapalı Sandık | D47: 600 | E47: 900 | F47: 2800 | G47: 1000 | H47: 1000 | I47: 4 | J47: AG DOM (2U-2V-2W-2N) | M47: =B47*D47 -> 600 | N47: =B47*E47 -> 900 | O47: =B47*F47*G47*H47/1000000000 -> 2.8
M48: =B48*D48 -> 0 | N48: =B48*E48 -> 0 | O48: =B48*F48*G48*H48/1000000000 -> 0
M49: =B49*D49 -> 0 | N49: =B49*E49 -> 0 | O49: =B49*F49*G49*H49/1000000000 -> 0
C50: Darbe Kaydedici Geçici İthal olup sevkiyat sonrası Kalite Kontrola'a teslim Shock recorder delivered temporarily; will be given to Quality Control after imported back
C51: Trafo yağsız sevk. Yağ müşteri tarafından temin edilecek Transformer delivered without oil. Oil will be supplied by the client.
C52: Müşteri dosyası fan dolabı içinde sevk Transformer instruction manual file delivered in fan control cubicle.
A53: Hazırlayan : HALİT KAPLAN | M53: =SUM(M25:M52) -> 210508 | N53: =SUM(N25:N52) -> 221608 | O53: =SUM(O25:O52) -> 336.90218 | P53: =SUM(P25:P52) -> 0
A54: Prepared by

Sheet  PACKING LIST
H1: GRID SOLUTIONS ENERJI END. A.S BARIS MH. GUNEY YANYOL CD NO.320 41410, GEBZE KOCAELI- TURKEY TEL+902626483371 FAX+902626427040
B5: FB NR:
B6: PA600-44
L7: ='ÇALIŞMA SAYFASI'!C2 -> 46049
E9: PACKING LIST
D11: NET | E11: GROSS | F11: DIMENSIONS (CM) | J11: Transport CBM | K11: PIECES | L11: Content of The
B12: CASE NUMBER | C12: Packages | D12: WEIGHT (Kgs) | E12: WEIGHT(Kgs) | F12: L | G12: W | H12: H | I12: M3 | L12: Cases
B13: PA600-44-01 | C13: W.CRATE | D13: 173000 | E13: 173000 | F13: 930 | G13: 320 | H13: 460 | I13: =F13*G13*H13/1000000 -> 136.896 | J13: =I13 -> 136.896 | K13: 1 | L13: TRANSFORMER MAIN BODY
B14: PA600-44-02 | C14: W.CASE | D14: 1450 | E14: 1600 | F14: 210 | G14: 100 | H14: 85 | I14: =F14*G14*H14/1000000 -> 1.785 | J14: =E14*4.5/1000 -> 7.2 | K14: 4 | L14: WHEEL ASSEMBLY
B15: PA600-44-03 | C15: W.CASE | D15: 1200 | E15: 1500 | F15: 305 | G15: 90 | H15: 80 | I15: =F15*G15*H15/1000000 -> 2.196 | J15: =E15*4.5/1000 -> 6.75 | K15: 2 | L15: TRAVERSE CONSOLE
B16: PA600-44-04 | C16: W.CASE | D16: 1400 | E16: 1700 | F16: 305 | G16: 100 | H16: 80 | I16: =F16*G16*H16/1000000 -> 2.44 | J16: =E16*4.5/1000 -> 7.65 | K16: 1 | L16: TRAVERSE CONSOLE
B17: PA600-44-05 | C17: W.CASE | D17: 2200 | E17: 2700 | F17: 460 | G17: 185 | H17: 260 | I17: =F17*G17*H17/1000000 -> 22.126 | J17: =E17*4.5/1000 -> 12.15 | K17: 1 | L17: CONSERVATOR
B18: PA600-44-06 | C18: W.CASE | D18: 1100 | E18: 1400 | F18: 285 | G18: 170 | H18: 137.5 | I18: =F18*G18*H18/1000000 -> 6.661875 | J18: =E18*4.5/1000 -> 6.3 | K18: 2 | L18: RADIATOR
B19: PA600-44-07 | C19: W.CASE | D19: 1100 | E19: 1400 | F19: 285 | G19: 170 | H19: 137.5 | I19: =F19*G19*H19/1000000 -> 6.661875 | J19: =E19*4.5/1000 -> 6.3 | K19: 2 | L19: RADIATOR
B20: PA600-44-08 | C20: W.CASE | D20: 1650 | E20: 2100 | F20: 285 | G20: 170 | H20: 192.5 | I20: =F20*G20*H20/1000000 -> 9.326625 | J20: =E20*4.5/1000 -> 9.45 | K20: 3 | L20: RADIATOR
B21: PA600-44-09 | C21: W.CASE | D21: 1650 | E21: 2100 | F21: 285 | G21: 170 | H21: 192.5 | I21: =F21*G21*H21/1000000 -> 9.326625 | J21: =E21*4.5/1000 -> 9.45 | K21: 3 | L21: RADIATOR
B22: PA600-44-10 | C22: W.CASE | D22: 1650 | E22: 2100 | F22: 285 | G22: 170 | H22: 192.5 | I22: =F22*G22*H22/1000000 -> 9.326625 | J22: =E22*4.5/1000 -> 9.45 | K22: 3 | L22: RADIATOR
B23: PA600-44-11 | C23: W.CASE | D23: 1650 | E23: 2100 | F23: 285 | G23: 170 | H23: 192.5 | I23: =F23*G23*H23/1000000 -> 9.326625 | J23: =E23*4.5/1000 -> 9.45 | K23: 3 | L23: RADIATOR
B24: PA600-44-12 | C24: W.CASE | D24: 1650 | E24: 2100 | F24: 285 | G24: 170 | H24: 192.5 | I24: =F24*G24*H24/1000000 -> 9.326625 | J24: =E24*4.5/1000 -> 9.45 | K24: 3 | L24: RADIATOR
B25: PA600-44-13 | C25: W.CASE | D25: 1650 | E25: 2100 | F25: 285 | G25: 170 | H25: 192.5 | I25: =F25*G25*H25/1000000 -> 9.326625 | J25: =E25*4.5/1000 -> 9.45 | K25: 3 | L25: RADIATOR
... B34: PA600-44-22 | C34: W.CASE | D34: 1700 | E34: 2200 | F34: 500 | G34: 130 | H34: 120 | I34: =F34*G34*H34/1000000 -> 7.8 | J34: =E34*4.5/1000 -> 9.9 | K34: 40 | L34: CONSERVATOR SUPPORT
B35: PA600-44-23 | C35: W.CASE | D35: 800 | E35: 1300 | F35: 510 | G35: 130 | H35: 130 | I35: =F35*G35*H35/1000000 -> 8.619 | J35: =E35*4.5/1000 -> 5.85 | K35: 1 SET | L35: LADDER & PIPES
B36: PA600-44-24 | C36: W.CASE | D36: 800 | E36: 1000 | F36: 305 | G36: 100 | H36: 90 | I36: =F36*G36*H36/1000000 -> 2.745 | J36: =E36*4.5/1000 -> 4.5 | K36: 1 SET | L36: ACCESSORIES
B37: PA600-44-25 | C37: W.CASE | D37: 315 | E37: 438 | F37: 450 | G37: 60 | H37: 70 | I37: =F37*G37*H37/1000000 -> 1.89 | J37: =E37*4.5/1000 -> 1.971 | K37: 1 | L37: HV BUSHING
B38: PA600-44-26 | C38: W.CASE | D38: 315 | E38: 438 | F38: 450 | G38: 60 | H38: 70 | I38: =F38*G38*H38/1000000 -> 1.89 | J38: =E38*4.5/1000 -> 1.971 | K38: 1 | L38: HV BUSHING
B39: PA600-44-27 | C39: W.CASE | D39: 315 | E39: 438 | F39: 450 | G39: 60 | H39: 70 | I39: =F39*G39*H39/1000000 -> 1.89 | J39: =E39*4.5/1000 -> 1.971 | K39: 1 | L39: HV BUSHING
B40: PA600-44-28 | C40: W.CASE | D40: 295 | E40: 395 | F40: 390 | G40: 60 | H40: 70 | I40: =F40*G40*H40/1000000 -> 1.638 | J40: =E40*4.5/1000 -> 1.7775 | K40: 1 | L40: N BUSHING
B41: PA600-44-29 | C41: W.CASE | D41: 180 | E41: 270 | F41: 225 | G41: 113 | H41: 60 | I41: =F41*G41*H41/1000000 -> 1.5255 | J41: =E41*4.5/1000 -> 1.215 | K41: 3 | L41: LV BUSHING
B42: PA600-44-30 | C42: W.CASE | D42: 48 | E42: 91 | F42: 170 | G42: 38 | H42: 58 | I42: =F42*G42*H42/1000000 -> 0.37468 | J42: =E42*4.5/1000 -> 0.4095 | K42: 1 | L42: N BUSHING
B43: PA600-44-31 | C43: W.CASE | D43: 60 | E43: 102 | F43: 195 | G43: 45 | H43: 60 | I43: =F43*G43*H43/1000000 -> 0.5265 | J43: =E43*4.5/1000 -> 0.459 | K43: 1 | L43: TERTIARY BUSHING
B44: PA600-44-32 | C44: W.CASE | D44: 60 | E44: 102 | F44: 195 | G44: 45 | H44: 60 | I44: =F44*G44*H44/1000000 -> 0.5265 | J44: =E44*4.5/1000 -> 0.459 | K44: 1 | L44: TERTIARY BUSHING
B45: PA600-44-33 | C45: W.CASE | D45: 60 | E45: 102 | F45: 195 | G45: 45 | H45: 60 | I45: =F45*G45*H45/1000000 -> 0.5265 | J45: =E45*4.5/1000 -> 0.459 | K45: 1 | L45: TERTIARY BUSHING
B46: PA600-44-34 | C46: W.CASE | D46: 60 | E46: 102 | F46: 195 | G46: 45 | H46: 60 | I46: =F46*G46*H46/1000000 -> 0.5265 | J46: =E46*4.5/1000 -> 0.459 | K46: 1 | L46: TERTIARY BUSHING
B47: PA600-44-35 | C47: W. PALLET | D47: 728 | E47: 828 | F47: 120 | G47: 120 | H47: 110 | I47: =F47*G47*H47/1000000 -> 1.584 | J47: =E47*4.5/1000 -> 3.726 | K47: 4 | L47: TRANSFORMER OIL
B48: PA600-44-36 | C48: W. PALLET | D48: 728 | E48: 828 | F48: 120 | G48: 120 | H48: 110 | I48: =F48*G48*H48/1000000 -> 1.584 | J48: =E48*4.5/1000 -> 3.726 | K48: 4 | L48: TRANSFORMER OIL
... B58: PA600-44-46 | C58: W.CASE | D58: 600 | E58: 900 | F58: 280 | G58: 100 | H58: 100 | I58: =F58*G58*H58/1000000 -> 2.8 | J58: =E58*4.5/1000 -> 4.05 | K58: 1 | L58: TURRET
A59: TOTAL | B59: 46 | D59: =SUM(D13:D56) -> 209458 | E59: =SUM(E13:E56) -> 220008 | I59: =SUM(I13:I56) -> 331.84718 | J59: =SUM(J13:J56) -> 348.432

Sheet ÇALIŞMA SAYFASI
C1: ÇIKTI ALMA! ÇALIŞMA SAYFASI (KOLİ LİSTESİ DETAYI) ÇIKTI ALMA! DO NOT PRINT! WORKING PAGE (PACKING LIST DETAILS) DO NOT PRINT!
B2: Tarih: Date: | C2: 46049 | D2: FB NO: SERİAL NO: | E2: PA600-44&53 | F2: Müşteri : Client: | G2: SONELGAZ | K2: Son Montaj resmi No: | M2: T01140490
K3: Nakil Ölçü Resmi No: | M3: T01128380
D4: Güç (MVA): Rated Power: | E4: 120 | G4: ALGERIA | K4: Ölçü Resmi No: Dimensional Drw. No: | M4: T01128371
D6: Gerilim (kV): Rated Voltage: | E6: 220 | K6: Tekerlek Düzeni Res. No : | O6: Tek. Kod. No:
K7: Wheel Assembly Drw. No: | O7: Tek. Tesp. No:
C8: ÖLÇÜ RESMİ POZ.NO DIMENSIONAL DRW. POS. NO | D8: BARKOD NO BARCODE NO | E8: TANIM DESCRIPTION | F8: KOLİ NO CASE NO | G8: MİKTAR QUANTITY | H8: BİRİM UNIT | I8: PAKETLEYEN PACKER | J8: KONTROL CHECK | K8: REFERANS REFERENCE | N8: AÇIKLAMA REMARKS
A9: No | K9: RESİM NO: DRW. NO: | L9: ALT RESİM NO: DRW. NO: | M9: POZ NO: POS. NO:
A10: 1 | B10: FALSE | D10: FCT01120660 | E10: Transformatör \Transformer Main Body | F10: 1 | G10: 1 | H10: ADET
A11: 3 | B11: FALSE | C11: BZ150 | D11: FCT00924920 | E11: Firma plakası \Name Plate | F11: 1 | G11: 1 | H11: ADET
A12: 8 | B12: FALSE | C12: AE001 | D12: FC3097144-01 | E12: Tekerlek Düzeni \Wheel Assembly | F12: 2 | G12: 4 | H12: ADET
A13: 9 | B13: FALSE | C13: AE001 | D13: FC3097824 | E13: İki Parçalı Flanş \Flange | F13: 2 | G13: 4 | H13: ADET | N13: MONTAJ KITI TEK.DUZ_70TON_FLNS2PARC_RAY_
A14: 10 | B14: FALSE | C14: AE001 | D14: FC3097771 | E14: Tekerlek Montajı FIBER GLAS PARCA FLANS,HGW ( 50TON TEK.) \Wheel Mounting | F14: 2 | G14: 4 | H14: ADET | N14: FIBER GLAS PARCA FLANS,HGW ( 50TON TEK.)
A15: 11 | B15: FALSE | C15: AE001 | D15: FC401212 | E15: Tekerlek Montajı IZOLASYON PARCASI BORU 27X5 X55=PA6 \Wheel Mounting | F15: 2 | G15: 32 | H15: ADET | N15: IZOLASYON PARCASI BORU 27X5 X55=PA6
A16: 12 | B16: FALSE | C16: AE001 | D16: FC401220 | E16: Tekerlek Montajı FIBER GLAS PARCA PUL,,HGW 28,0X40,0X 6,0 \Wheel Mounting | F16: 2 | G16: 32 | H16: ADET | N16: FIBER GLAS PARCA PUL,,HGW 28,0X40,0X 6,0
A17: 13 | B17: FALSE | C17: AE001 | D17: FC3095004-01 | E17: Tekerlek Montajı PUL 17,0X45,0X 5,0=CRNI \Wheel Mounting | F17: 2 | G17: 32 | H17: ADET | N17: PUL 17,0X45,0X 5,0=CRNI
A18: 14 | B18: FALSE | C18: AE001 | D18: FC402742 | E18: Tekerlek Montajı CIVATA 6 KS. BA. M16x80=A2-70 \Wheel Mounting | F18: 2 | G18: 32 | H18: ADET | N18: CIVATA 6 KS. BA. M16x80=A2-70
A19: 15 | B19: FALSE | C19: AE001 | D19: FC112044 | E19: Merkezleme Saplaması SAPLAMA OZEL \Centering Bolt | F19: 2 | G19: 4 | H19: ADET | N19: SAPLAMA OZEL
A20: 16 | B20: FALSE | C20: BZ115 | D20: FC571107 | E20: Tekerlek Freni \Wheel Blocking | F20: 2 | G20: 2 | H20: ADET | N20: ............ mm KOD: ............
A21: 257 | B21: TRUE | D21: SMC | E21: Traves Konsolu \Traves Console | F21: 3 | G21: 2 | H21: ADET
A22: 257 | B22: TRUE | D22: SMC | E22: Traves Konsolu \Traves Console | F22: 4 | G22: 1 | H22: ADET
A23: 17 | B23: FALSE | C23: BB085 | D23: SMC | E23: Genleşme Kabı \Conservator | F23: 5 | G23: 1 | H23: ADET
A24: 18 | B24: FALSE | D24: SMC | E24: Trafo Nem Alıcı Borusu \Trans. Dehydrating BreatherPipe | F24: 5 | G24: 1 | H24: ADET | K24: T10574774 | L24: PA600-43-53.21.00000 | M24: 2
A25: 19 | B25: FALSE | C25: AA345 | D25: FCT00787561 | E25: DN40 Vana \DN 40 Type Valve | F25: 5 | G25: 1 | H25: ADET
A26: 20 | B26: FALSE | C26: CL060 | D26: FCT01167974 | E26: Yağ Seviye Göstergesi \Oil Level Indicator | F26: 5 | G26: 1 | H26: ADET | N26: YAG SEVIYE GOSTERGESI MTO-STF160G/2CO/C5
A27: 20 | B27: FALSE | C27: CL064 | D27: FCT01167975 | E27: Yağ Seviye Göstergesi \Oil Level Indicator | F27: 5 | G27: 1 | H27: ADET | N27: YAG SEVIYE GOSTERGESI MTO-STF160G/2CO/C5
A28: 21 | B28: FALSE | C28: BZ150 | D28: FCT00924920 | E28: Firma plakası \Name Plate | F28: 5 | G28: 1 | H28: ADET
A29: 22 | B29: FALSE | C29: AT001 | D29: FC420793 | E29: Nem Alıcı \Dehydrating Breather | F29: 5 | G29: 1 | H29: ADET | N29: NEM ALICI DIN 42562-L5
A30: 22 | B30: FALSE | C30: AT005 | D30: FC401128 | E30: Nem Alıcı \Dehydrating Breather | F30: 5 | G30: 1 | H30: ADET | N30: NEM ALICI DIN 42562-L1
A31: 23 | B31: FALSE | C31: CF101 | D31: FCT00674569 | E31: Buchholz Rölesi \Buchholz Relay | F31: 5 | G31: 1 | H31: ADET | N31: Depo üstünde montajlı \Mounted on the conservator
A32: 24 | B32: FALSE | D32: FC4324045 | E32: Boya Son Kat RAL 9006_C5 \Touch up Paint | F32: 5 | G32: 3 | H32: ADET | N32: 6 Kg.
A33: 25 | B33: FALSE | D33: FC4324045-01 | E33: Sertleştirici \Paint Hardener | F33: 5 | G33: 3 | H33: ADET | N33: 0,7 Kg.
A34: 26 | B34: FALSE | D34: FC4324046 | E34: Kırmızı Astar Boya \Paint Red | F34: 5 | G34: 3 | H34: ADET | N34: EPOTAN HS MASTIC GRİ BA124G2305 \1.KAT ASTAR 3 KG
A35: 27 | B35: FALSE | D35: FC4324048 | E35: Gri Astar Boya \Paint Gray | F35: 5 | G35: 3 | H35: ADET | N35: YÜKSEK KATILI EPOKSİ ASTAR (RAL 7042) \ARAKAT ASTAR 3 KG
A36: 28 | B36: FALSE | D36: FC4324049 | E36: Beyaz Astar Boya \Paint White | F36: 5 | G36: 3 | H36: ADET | N36: ASTAR EPOXY SERT İLE (RAL 9010 ) \İç ASTAR 1 KG
A37: 33 | B37: FALSE | C37: AC600 | D37: FCT01140482 | E37: Radyatör \Radiator | F37: 6 | G37: 2 | H37: ADET
A38: 33 | B38: FALSE | C38: AC600 | D38: FCT01140482 | E38: Radyatör \Radiator | F38: 7 | G38: 2 | H38: ADET
A39: 33 | B39: FALSE | C39: AC600 | D39: FCT01140484 | E39: Radyatör \Radiator | F39: 8 | G39: 3 | H39: ADET
A40: 33 | B40: FALSE | C40: AC600 | D40: FCT01140484 | E40: Radyatör \Radiator | F40: 9 | G40: 1 | H40: ADET
A41: 33 | B41: FALSE | C41: AC600 | D41: FCT01140477 | E41: Radyatör \Radiator | F41: 9 | G41: 2 | H41: ADET
A42: 33 | B42: FALSE | C42: AC600 | D42: FCT01140477 | E42: Radyatör \Radiator | F42: 10 | G42: 3 | H42: ADET
A43: 33 | B43: FALSE | C43: AC600 | D43: FCT01140477 | E43: Radyatör \Radiator | F43: 11 | G43: 3 | H43: ADET
A44: 33 | B44: FALSE | C44: AC600 | D44: FCT01140477 | E44: Radyatör \Radiator | F44: 12 | G44: 3 | H44: ADET
A45: 33 | B45: FALSE | C45: AC600 | D45: FCT01140477 | E45: Radyatör \Radiator | F45: 13 | G45: 3 | H45: ADET
A46: 33 | B46: FALSE | C46: AC600 | D46: FCT01140477 | E46: Radyatör \Radiator | F46: 14 | G46: 3 | H46: ADET
A47: 33 | B47: FALSE | C47: AC600 | D47: FCT01140477 | E47: Radyatör \Radiator | F47: 15 | G47: 3 | H47: ADET
A48: 34 | B48: FALSE | C48: AN701 | D48: FCT01130231 | E48: Vantilatör \Cooling Fan | F48: 16 | G48: 3 | H48: ADET | N48: FAN VAAZ_C_1000_7.3m3-s_M132-12-C5-VH_RA
A49: 34 | B49: FALSE | C49: AN701 | D49: FCT01130231 | E49: Vantilatör \Cooling Fan | F49: 17 | G49: 3 | H49: ADET | N49: FAN VAAZ_C_1000_7.3m3-s_M132-12-C5-VH_RA
A50: 34 | B50: FALSE | C50: AN701 | D50: FCT01130231 | E50: Vantilatör \Cooling Fan | F50: 18 | G50: 4 | H50: ADET | N50: FAN VAAZ_C_1000_7.3m3-s_M132-12-C5-VH_RA
A51: 34 | B51: FALSE | C51: AN701 | D51: FCT01130231 | E51: Vantilatör \Cooling Fan | F51: 19 | G51: 4 | H51: ADET | N51: FAN VAAZ_C_1000_7.3m3-s_M132-12-C5-VH_RA
A52: 45 | B52: FALSE | D52: SMC | E52: YG. Domları \HV Turret | F52: 20 | G52: 2 | H52: ADET
A53: 45 | B53: FALSE | D53: SMC | E53: YG. Domları \HV Turret | F53: 21 | G53: 2 | H53: ADET
A54: 43 | B54: FALSE | D54: SMC | E54: AG. Domları \LV Turret | F54: 22 | G54: 4 | H54: ADET
A55: 297 | B55: FALSE | D55: SMC | E55: Tersiyer Domu \Tertiary Bushing Turret | F55: 23 | G55: 1 | H55: ADET
A56: 29 | B56: FALSE | C56: BQ150 | D56: SMC | E56: Depo Konsolu \Conservator Support | F56: 24 | G56: 2 | H56: ADET | K56: T10574774 | L56: PA600-43-53-.04.00000 | M56: 11 13
A57: 30 | B57: FALSE | C57: BQ150 | D57: SMC | E57: Depo Konsol Çaprazı \Conservator Cross Support | F57: 24 | G57: 4 | H57: ADET | K57: T10574774 | L57: PA600-43-53-.04.00000 | M57: 2
A58: 31 | B58: FALSE | C58: BQ150 | D58: SMC | E58: Depo Konsol Çaprazı \Conservator Cross Support | F58: 24 | G58: 2 | H58: ADET | K58: T10574774 | L58: PA600-43-53-.04.00000 | M58: 3 | N58: KARE PARÇA \SQUARE PART
A59: 32 | B59: FALSE | D59: SMC | E59: Rad.İlave Borusu \Radıator Pipe | F59: 24 | G59: 28 | H59: ADET
A60: 166 | B60: FALSE | C60: BQ153 | D60: SMC | E60: Parafudr Konsolu \Surge Arrester Support | F60: 24 | G60: 4 | H60: ADET | L60: PA600-43-53.02.28000 | M60: 12 | N60: Tersiye Dom'a gelen konsollar | Q60: #VALUE!
A61: 66 | B61: FALSE | C61: BQ023 | D61: SMC | E61: Merdiven \Ladder | F61: 25 | G61: 1 | H61: ADET | L61: PA600-43-53.00.00000 | M61: 4
A62: 67 | B62: FALSE | C62: CP081 CP082 | D62: SMC | E62: Basınç Ventili Borusu \Pressure Ventilated Pipe | F62: 25 | G62: 2 | H62: ADET | M62: 13 | N62: KAZAN \TANK
A63: 68 | B63: FALSE | D63: SMC | E63: Basınç Ventili Borusu \Pressure Ventilated Pipe | F63: 25 | G63: 2 | H63: ADET | L63: 2 PARÇA | M63: 10 | N63: ŞALTER \O.L.T.C
A64: 69 | B64: FALSE | D64: SMC | E64: Buchholz Uzun Boru \Buchholz Relay Pipe | F64: 25 | G64: 1 | H64: ADET | M64: 4.11
A65: 69 | B65: FALSE | D65: SMC | E65: Buchholz Uzun Boru \Buchholz Relay Pipe | F65: 25 | G65: 1 | H65: ADET | M65: 4.1
C66: AA343 | D66: FCT00787563 | E66: DN50 Vana \DN 50 Type Valve | F66: 25 | G66: 1 | H66: ADET | N66: Buchholz alt uzun boru üstünde
A67: 70 | B67: FALSE | D67: SMC | E67: Trafo Nem Alıcı Borusu \Trans. Dehydrating BreatherPipe | F67: 25 | G67: 1 | H67: ADET | M67: 2 | N67: ÜST
A68: 70 | B68: FALSE | D68: SMC | E68: Trafo Nem Alıcı Borusu \Trans. Dehydrating BreatherPipe | F68: 25 | G68: 1 | H68: ADET | M68: 2.A3 | N68: ALT
A69: 71 | B69: FALSE | C69: AA351 | D69: FCT00787561 | E69: DN40 Vana \DN 40 Type Valve | F69: 25 | G69: 1 | H69: ADET | N69: NEM ALICI BORUSU ÜSTÜNDE
A70: 72 | B70: FALSE | C70: AA349 | D70: FCT00787555 | E70: DN25 Vana \DN 25 Type Valve | F70: 25 | G70: 1 | H70: ADET | N70: Nem Alıcı Borularının arasında
A71: 73 | B71: FALSE | D71: SMC | E71: Şalter Nem Alıcı Borusu \OLTC Dehydrating Breather Pipe | F71: 25 | G71: 1 | H71: ADET | M71: 6 | N71: ÜST
A72: 73 | B72: FALSE | D72: SMC | E72: Şalter Nem Alıcı Borusu \OLTC Dehydrating Breather Pipe | F72: 25 | G72: 1 | H72: ADET | M72: 2.A2 | N72: ALT
A73: 75 | B73: FALSE | C73: AA352 | D73: FCT00787555 | E73: DN25 Vana \DN 25 Type Valve | F73: 25 | G73: 1 | H73: ADET | N73: Şalter Nem Alıcı Borusu ÜSTÜNDE
A74: 74 | B74: FALSE | D74: SMC | E74: Şalter Yağ Alma Borusu \OLTC Oil Sampling Pipe | F74: 25 | G74: 1 | H74: ADET | M74: 5 | N74: ÜST
A75: 74 | B75: FALSE | D75: SMC | E75: Şalter Yağ Alma Borusu \OLTC Oil Sampling Pipe | F75: 25 | G75: 1 | H75: ADET | M75: 2.A1 | N75: ALT
A76: 75 | B76: FALSE | C76: A030 | D76: FCT00787555 | E76: DN25 Vana \DN 25 Type Valve | F76: 25 | G76: 1 | H76: ADET | N76: Şalter Yağ Alma Borusu ÜSTÜNDE
A77: 76 | B77: FALSE | D77: SMC | E77: Şalter Bölmesi Boşaltma Borusu \OLTC Oil Draining Pipe | F77: 25 | G77: 1 | H77: ADET | M77: 12 | N77: ÜST
A78: 76 | B78: FALSE | D78: SMC | E78: Şalter Bölmesi Boşaltma Borusu \OLTC Oil Draining Pipe | F78: 25 | G78: 1 | H78: ADET | M78: 2.A5 | N78: ALT
A79: 77 | B79: FALSE | C79: AA004 | D79: FCT00787555 | E79: DN25 Vana \DN 25 Type Valve | F79: 25 | G79: 1 | H79: ADET
A80: 78 | B80: FALSE | D80: SMC | E80: Trafo Yağ Boşaltma Borusu \Transformer Oil Draining Pipe | F80: 25 | G80: 1 | H80: ADET | M80: 3 | N80: ÜST
A81: 78 | B81: FALSE | D81: SMC | E81: Trafo Yağ Boşaltma Borusu \Transformer Oil Draining Pipe | F81: 25 | G81: 1 | H81: ADET | M81: 2.A4 | N81: ALT
A82: 79 | B82: FALSE | C82: AA026 | D82: FCT00787561 | E82: DN40 Vana \DN 40 Type Valve | F82: 25 | G82: 1 | H82: ADET
A83: 81 | B83: FALSE | D83: SMC | E83: YG. Dom Borusu \HV Bushing Turret Pipe | F83: 25 | G83: 4 | H83: ADET | M83: 9
A84: 82 | B84: FALSE | D84: SMC | E84: AG. Dom Borusu \LV Bushing Turret Pipe | F84: 25 | G84: 3 | H84: ADET | M84: 8
A85: 84 | B85: FALSE | D85: SMC | E85: Şalter Besleme Borusu \OLTC Supply Pipe | F85: 25 | G85: 1 | H85: ADET | M85: 7
A86: 88 | B86: FALSE | D86: SMC | E86: Boru Taşıyıcı \Pipe Support | F86: 25 | G86: 2 | H86: ADET | M86: 2.A7 | N86: Boru Paketi
A87: 89 | B87: FALSE | D87: SMC | E87: Nem Alıcı Tutucusu \Dehydration breather holder | F87: 25 | G87: 1 | H87: ADET | M87: 2.A6
A88: 91 | B88: FALSE | D88: SMC | E88: Rad. Gergi Köşebenti \Radiator Fixing Bar | F88: 25 | G88: 2 | H88: ADET | M88: 4
A89: 91 | B89: FALSE | D89: SMC | E89: Rad. Gergi Köşebenti \Radiator Fixing Bar | F89: 25 | G89: 2 | H89: ADET | M89: 5
A90: 93 | B90: FALSE | D90: SMC | E90: Rad. Gergi Birleştirme Parçası \Radiator Fixing Bar | F90: 25 | G90: 2 | H90: ADET | M90: 6
A91: 92 | B91: FALSE | D91: SMC | E91: Rad. Gergi Laması \Radiator Fixing Bar | F91: 25 | G91: 2 | H91: ADET | M91: 1
A92: 92 | B92: FALSE | D92: SMC | E92: Rad. Gergi Laması \Radiator Fixing Bar | F92: 25 | G92: 2 | H92: ADET | M92: 2
A93: 93 | B93: FALSE | D93: SMC | E93: Rad. Gergi Birleştirme Parçası \Radiator Fixing Bar | F93: 25 | G93: 2 | H93: ADET | M93: 3
A94: 95 | B94: FALSE | D94: FCT01136198 | E94: Topraklama Barası \Earthing Bar | F94: 26 | G94: 2 | H94: Parça
A95: 97 | B95: FALSE | C95: AA200 | D95: FCT00787565 | E95: DN 80 Vana \DN 80 Type Valve | F95: 26 | G95: 1 | H95: ADET
A96: 98 | B96: FALSE | D96: SMC | E96: Buchholz Borusu Adaptör \Buchholz Relay Pipe | F96: 26 | G96: 1 | H96: ADET | M96: 4.4
A97: 97 | B97: FALSE | C97: AA392 | D97: FCT01140581 | E97: VANA EDS-R80-8 6-201 M25 C/PC I+E7031 N \DN 80 Type Valve | F97: 26 | G97: 1 | H97: ADET
A98: 98 | B98: FALSE | D98: SMC | E98: Buchholz Borusu Adaptör \Buchholz Relay Pipe | F98: 26 | G98: 1 | H98: ADET | M98: 4.6
A99: 96 | B99: FALSE | C99: CF050 | D99: FCT00682571 | E99: Buchholz Rölesi \Buchholz Relay | F99: 26 | G99: 1 | H99: ADET
A100: 98 | B100: FALSE | D100: SMC | E100: Buchholz Borusu Adaptör \Buchholz Relay Pipe | F100: 26 | G100: 1 | H100: ADET | M100: 4.9
A101: 104 | B101: FALSE | D101: FC4324042 | E101: Silikagel \Silicagel | F101: 26 | G101: 15 | H101: KG | N101: Kg.
...

Sheet ÇIKTI SAYFASI
B1: KOLİ LİSTESİ DETAYI PACKING LIST DETAILS
A2: Tarih: Date: | B2: ='ÇALIŞMA SAYFASI'!C2 -> 46049 | C2: FB NO: SERİAL NO: | D2: ='ÇALIŞMA SAYFASI'!E2 -> PA600-44&53 | E2: Müşteri : Client: | F2: ='ÇALIŞMA SAYFASI'!G2 -> SONELGAZ | J2: Son Montaj Resmi No: | L2: ='ÇALIŞMA SAYFASI'!M2 -> T01140490
J3: Nakil Ölçü Resmi No: | L3: ='ÇALIŞMA SAYFASI'!M3 -> T01128380
A4: Sayfa No: Page No: | C4: Güç (MVA): Rated Power: | D4: ='ÇALIŞMA SAYFASI'!E4 -> 120 | E4: Adres: Location: | F4: ='ÇALIŞMA SAYFASI'!G4 -> ALGERIA | J4: Ölçü Resmi No: Dimensional Drw. No: | L4: ='ÇALIŞMA SAYFASI'!M4 -> T01128371
C6: Gerilim (kV): Rated Voltage: | D6: ='ÇALIŞMA SAYFASI'!E6 -> 220 | J6: Tekerlek Düzeni Res. No : | N6: Tek. Kod. No:
J7: Wheel Assembly Drw. No: | N7: Tek. Tesp. No:
A8: SIRA NO ITEM NO | B8: ÖLÇÜ RESMİ POZ. NO DIMENSIONAL DRW. POS. NO | C8: BARKOD NO BARCODE NO | D8: TANIM DESCRIPTION | E8: KOLİ NO CASE NO | F8: MİKTAR QUANTITY | G8: BİRİM UNIT | H8: PAKETLEYEN PACKER | I8: KONTROL CHECK | J8: REFERANS REFERENCE | M8: AÇIKLAMA REMARKS
J9: RESİM NO: DRW. NO: | K9: ALT RESİM NO: DRW. NO: | L9: POZ NO: POS. NO:
A10: 1 | C10: FCT01120660 | D10: Transformatör \Transformer Main Body | E10: 1 | F10: 1 | G10: ADET
A11: 2 | B11: BZ150 | C11: FCT00924920 | D11: Firma plakası \Name Plate | E11: 1 | F11: 1 | G11: ADET
A12: 3
A13: 4
A14: 5 | B14: AE001 | C14: FC3097144-01 | D14: Tekerlek Düzeni \Wheel Assembly | E14: 2 | F14: 4 | G14: ADET
A15: 6 | B15: AE001 | C15: FC3097824 | D15: İki Parçalı Flanş \Flange | E15: 2 | F15: 4 | G15: ADET | M15: MONTAJ KITI TEK.DUZ_70TON_FLNS2PARC_RAY_
A16: 7 | B16: AE001 | C16: FC3097771 | D16: Tekerlek Montajı FIBER GLAS PARCA FLANS,HGW ( 50TON TEK.) \Wheel Mounting | E16: 2 | F16: 4 | G16: ADET | M16: FIBER GLAS PARCA FLANS,HGW ( 50TON TEK.)
A17: 8 | B17: AE001 | C17: FC401212 | D17: Tekerlek Montajı IZOLASYON PARCASI BORU 27X5 X55=PA6 \Wheel Mounting | E17: 2 | F17: 32 | G17: ADET | M17: IZOLASYON PARCASI BORU 27X5 X55=PA6
A18: 9 | B18: AE001 | C18: FC401220 | D18: Tekerlek Montajı FIBER GLAS PARCA PUL,,HGW 28,0X40,0X 6,0 \Wheel Mounting | E18: 2 | F18: 32 | G18: ADET | M18: FIBER GLAS PARCA PUL,,HGW 28,0X40,0X 6,0
A19: 10 | B19: AE001 | C19: FC3095004-01 | D19: Tekerlek Montajı PUL 17,0X45,0X 5,0=CRNI \Wheel Mounting | E19: 2 | F19: 32 | G19: ADET | M19: PUL 17,0X45,0X 5,0=CRNI
A20: 11 | B20: AE001 | C20: FC402742 | D20: Tekerlek Montajı CIVATA 6 KS. BA. M16x80=A2-70 \Wheel Mounting | E20: 2 | F20: 32 | G20: ADET | M20: CIVATA 6 KS. BA. M16x80=A2-70
A21: 12 | B21: AE001 | C21: FC112044 | D21: Merkezleme Saplaması SAPLAMA OZEL \Centering Bolt | E21: 2 | F21: 4 | G21: ADET | M21: SAPLAMA OZEL
A22: 13 | B22: BZ115 | C22: FC571107 | D22: Tekerlek Freni \Wheel Blocking | E22: 2 | F22: 2 | G22: ADET | M22: ............ mm KOD: ............
A23: 14
A24: 15
A25: 16
A26: 17
A27: 18
A28: 19 | C28: SMC50100 | D28: Traves Konsolu \Traves Console | E28: 3 | F28: 2 | G28: ADET
A29: 20 | C29: SMC50101 | D29: Traves Konsolu \Traves Console | E29: 4 | F29: 1 | G29: ADET
A30: 21 | C30: FCT01140587 | D30: PLAKA IZOLASYON RESİM KODU Travers Konsol Montajı İçin | E30: 4 | F30: 1 | G30: SET | M30: PD
A31: 22 | C31: FCT01140587 | D31: PLAKA IZOLASYON 2730x250x12 MALZ:PA6 Travers Konsol Montajı İçin | E31: 4 | F31: 2 | G31: ADET | M31: PD
A32: 23 | C32: FCT01140587 | D32: PLAKA IZOLASYON 2730x800x12 MALZ:PA6 Travers Konsol Montajı İçin | E32: 4 | F32: 1 | G32: ADET | M32: PD
A33: 24 | C33: FC401212 | D33: IZOLASYON PARCASI BORU 27X5 X55=PA6 Travers Konsol Montajı İçin | E33: 4 | F33: 12 | G33: AD | M33: PD
A34: 25 | C34: FC401220 | D34: FIBER GLAS PARCA PUL,,HGW 28,0X40,0X 6,0 Travers Konsol Montajı İçin | E34: 4 | F34: 24 | G34: AD | M34: PD
A35: 26 | C35: FC3095004-01 | D35: PUL 17,0X45,0X 5,0=CRNI Travers Konsol Montajı İçin | E35: 4 | F35: 24 | G35: AD | M35: ND
A36: 27 | C36: FC402742 | D36: CIVATA 6 KS. BA. M16x80=A2-70 Travers Konsol Montajı İçin | E36: 4 | F36: 12 | G36: AD | M36: ND
A37: 28
A38: 29
A39: 30
A40: 31
A41: 32 | B41: BB085 | C41: SMC50102 | D41: Genleşme Kabı \Conservator | E41: 5 | F41: 1 | G41: ADET
A42: 33 | C42: SMC50103 | D42: Trafo Nem Alıcı Borusu \Trans. Dehydrating BreatherPipe | E42: 5 | F42: 1 | G42: ADET | J42: T10574774 | K42: PA600-43-53.21.00000 | L42: 2
A43: 34 | B43: AA345 | C43: FCT00787561 | D43: DN40 Vana \DN 40 Type Valve | E43: 5 | F43: 1 | G43: ADET
A44: 35 | B44: CL060 | C44: FCT01167974 | D44: Yağ Seviye Göstergesi \Oil Level Indicator | E44: 5 | F44: 1 | G44: ADET | M44: YAG SEVIYE GOSTERGESI MTO-STF160G/2CO/C5
A45: 36 | B45: CL064 | C45: FCT01167975 | D45: Yağ Seviye Göstergesi \Oil Level Indicator | E45: 5 | F45: 1 | G45: ADET | M45: YAG SEVIYE GOSTERGESI MTO-STF160G/2CO/C5
A46: 37 | B46: BZ150 | C46: FCT00924920 | D46: Firma plakası \Name Plate | E46: 5 | F46: 1 | G46: ADET
A47: 38 | B47: AT001 | C47: FC420793 | D47: Nem Alıcı \Dehydrating Breather | E47: 5 | F47: 1 | G47: ADET | M47: NEM ALICI DIN 42562-L5
A48: 39 | B48: AT005 | C48: FC401128 | D48: Nem Alıcı \Dehydrating Breather | E48: 5 | F48: 1 | G48: ADET | M48: NEM ALICI DIN 42562-L1
A49: 40 | B49: CF101 | C49: FCT00674569 | D49: Buchholz Rölesi \Buchholz Relay | E49: 5 | F49: 1 | G49: ADET | M49: Depo üstünde montajlı \Mounted on the conservator
A50: 41 | C50: FC4324045 | D50: Boya Son Kat RAL 9006_C5 \Touch up Paint | E50: 5 | F50: 3 | G50: ADET | M50: 6 Kg.
A51: 42 | C51: FC4324045-01 | D51: Sertleştirici \Paint Hardener | E51: 5 | F51: 3 | G51: ADET | M51: 0,7 Kg.
A52: 43 | C52: FC4324046 | D52: Kırmızı Astar Boya \Paint Red | E52: 5 | F52: 3 | G52: ADET | M52: EPOTAN HS MASTIC GRİ BA124G2305 \1.KAT ASTAR 3 KG
A53: 44 | C53: FC4324048 | D53: Gri Astar Boya \Paint Gray | E53: 5 | F53: 3 | G53: ADET | M53: YÜKSEK KATILI EPOKSİ ASTAR (RAL 7042) \ARAKAT ASTAR 3 KG
A54: 45 | C54: FC4324049 | D54: Beyaz Astar Boya \Paint White | E54: 5 | F54: 3 | G54: ADET | M54: ASTAR EPOXY SERT İLE (RAL 9010 ) \İç ASTAR 1 KG
A55: 46
A56: 47
A57: 48
A58: 49
A59: 50
A60: 51 | B60: AC600 | C60: FCT01140482 | D60: Radyatör \Radiator | E60: 6 | F60: 2 | G60: ADET
A61: 52 | B61: AC600 | C61: FCT01140482 | D61: Radyatör \Radiator | E61: 7 | F61: 2 | G61: ADET
A62: 53 | B62: AC600 | C62: FCT01140484 | D62: Radyatör \Radiator | E62: 8 | F62: 3 | G62: ADET
A63: 54 | B63: AC600 | C63: FCT01140484 | D63: Radyatör \Radiator | E63: 9 | F63: 1 | G63: ADET
A64: 55 | B64: AC600 | C64: FCT01140477 | D64: Radyatör \Radiator | E64: 9 | F64: 2 | G64: ADET
A65: 56 | B65: AC600 | C65: FCT01140477 | D65: Radyatör \Radiator | E65: 10 | F65: 3 | G65: ADET
A66: 57 | B66: AC600 | C66: FCT01140477 | D66: Radyatör \Radiator | E66: 11 | F66: 3 | G66: ADET
A67: 58 | B67: AC600 | C67: FCT01140477 | D67: Radyatör \Radiator | E67: 12 | F67: 3 | G67: ADET
A68: 59 | B68: AC600 | C68: FCT01140477 | D68: Radyatör \Radiator | E68: 13 | F68: 3 | G68: ADET
A69: 60 | B69: AC600 | C69: FCT01140477 | D69: Radyatör \Radiator | E69: 14 | F69: 3 | G69: ADET
A70: 61 | B70: AC600 | C70: FCT01140477 | D70: Radyatör \Radiator | E70: 15 | F70: 3 | G70: ADET
A71: 62
A72: 63
A73: 64
A74: 65
A75: 66 | B75: AN701 | C75: FCT01130231 | D75: Vantilatör \Cooling Fan | E75: 16 | F75: 3 | G75: ADET | M75: FAN VAAZ_C_1000_7.3m3-s_M132-12-C5-VH_RA
A76: 67 | B76: AN701 | C76: FCT01130231 | D76: Vantilatör \Cooling Fan | E76: 17 | F76: 3 | G76: ADET | M76: FAN VAAZ_C_1000_7.3m3-s_M132-12-C5-VH_RA
A77: 68 | B77: AN701 | C77: FCT01130231 | D77: Vantilatör \Cooling Fan | E77: 18 | F77: 4 | G77: ADET | M77: FAN VAAZ_C_1000_7.3m3-s_M132-12-C5-VH_RA
A78: 69 | B78: AN701 | C78: FCT01130231 | D78: Vantilatör \Cooling Fan | E78: 19 | F78: 4 | G78: ADET | M78: FAN VAAZ_C_1000_7.3m3-s_M132-12-C5-VH_RA
A79: 70 | C79: SMC50104 | D79: YG. Domları \HV Turret | E79: 20 | F79: 2 | G79: ADET
A80: 71 | C80: SMC50105 | D80: YG. Domları \HV Turret | E80: 21 | F80: 2 | G80: ADET
A81: 72 | C81: SMC50106 | D81: AG. Domları \LV Turret | F81: 4 | G81: ADET | M81: Trafo Üstü Sevk
A82: 73 | C82: SMC50107 | D82: Tersiyer Domu \Tertiary Bushing Turret | F82: 1 | G82: ADET | M82: Trafo Üstü Sevk
A83: 74
A84: 75
A85: 76
A86: 77
A87: 78
A88: 79 | B88: BQ150 | C88: SMC50108 | D88: Depo Konsolu \Conservator Support | E88: 22 | F88: 2 | G88: ADET | J88: T10574774 | K88: PA600-43-53-.04.00000 | L88: 11 13
A89: 80 | B89: BQ150 | C89: SMC50109 | D89: Depo Konsol Çaprazı \Conservator Cross Support | E89: 22 | F89: 4 | G89: ADET | J89: T10574774 | K89: PA600-43-53-.04.00000 | L89: 2
A90: 81 | B90: BQ150 | C90: SMC50110 | D90: Depo Konsol Çaprazı \Conservator Cross Support | E90: 22 | F90: 2 | G90: ADET | J90: T10574774 | K90: PA600-43-53-.04.00000 | L90: 3 | M90: KARE PARÇA \SQUARE PART
A91: 82 | C91: SMC50111 | D91: Rad.İlave Borusu \Radıator Pipe | E91: 22 | F91: 28 | G91: ADET
A92: 83 | B92: BQ153 | C92: SMC50112 | D92: Parafudr Konsolu \Surge Arrester Support | E92: 22 | F92: 4 | G92: ADET | K92: PA600-43-53.02.28000 | L92: 12 | M92: Tersiye Dom'a gelen konsollar
A93: 84
A94: 85
A95: 86
A96: 87
A97: 88
A98: 89 | B98: BQ023 | C98: SMC50113 | D98: Merdiven \Ladder | E98: 23 | F98: 1 | G98: ADET | K98: PA600-43-53.00.00000 | L98: 4
A99: 90 | B99: CP081 CP082 | C99: SMC50114 | D99: Basınç Ventili Borusu \Pressure Ventilated Pipe | E99: 23 | F99: 2 | G99: ADET | L99: 13 | M99: KAZAN \TANK
A100: 91 | C100: SMC50115 | D100: Basınç Ventili Borusu \Pressure Ventilated Pipe | E100: 23 | F100: 2 | G100: ADET | K100: 2 PARÇA | L100: 10 | M100: ŞALTER \O.L.T.C
A101: 92 | C101: SMC50116 | D101: Buchholz Uzun Boru \Buchholz Relay Pipe | E101: 23 | F101: 1 | G101: ADET | L101: 4.11
...

Sheet İŞLETME CONTA TK.
B1: KOLİ LİSTESİ DETAYI PACKING LIST DETAILS
A2: Tarih: Date: | B2: ='ÇALIŞMA SAYFASI'!C2 -> 46049 | C2: FB NO: SERİAL NO: | D2: ='ÇALIŞMA SAYFASI'!E2 -> PA600-44&53 | E2: Müşteri : Client: | F2: ='ÇALIŞMA SAYFASI'!G2 -> SONELGAZ | J2: Son Montaj Resmi No: | L2: ='ÇALIŞMA SAYFASI'!M2 -> T01140490
J3: Nakil Ölçü Resmi No: | L3: ='ÇALIŞMA SAYFASI'!M3 -> T01128380
A4: Sayfa No: Page No: | C4: Güç (MVA): Rated Power: | D4: ='ÇALIŞMA SAYFASI'!E4 -> 120 | E4: Adres: Location: | F4: ='ÇALIŞMA SAYFASI'!G4 -> ALGERIA | J4: Ölçü Resmi No: Dimensional Drw. No: | L4: ='ÇALIŞMA SAYFASI'!M4 -> T01128371
C6: Gerilim (kV): Rated Voltage: | D6: ='ÇALIŞMA SAYFASI'!E6 -> 220 | J6: Tekerlek Düzeni Res. No : | N6: Tek. Kod. No:
J7: Wheel Assembly Drw. No: | N7: Tek. Tesp. No:
A8: SIRA NO ITEM NO | B8: ÖLÇÜ RESMİ POZ. NO DIMENSIONAL DRW. POS. NO | C8: BARKOD NO BARCODE NO | D8: TANIM DESCRIPTION | E8: KOLİ NO CASE NO | F8: MİKTAR QUANTITY | G8: BİRİM UNIT | H8: PAKETLEYEN PACKER | I8: KONTROL CHECK | J8: REFERANS REFERENCE | M8: AÇIKLAMA REMARKS
J9: RESİM NO: DRW. NO: | K9: ALT RESİM NO: DRW. NO: | L9: POZ NO: POS. NO:
A10: 1 | B10: 0001 | C10: FC3006240-20 | D10: CONTA O-RING RD10xD1= 335/L=1094 | E10: 24 | F10: 3 | G10: AD
A11: 2 | B11: 0002 | C11: FC3006240-20 | D11: CONTA O-RING RD10xD1= 335/L=1094 | E11: 24 | F11: 1 | G11: AD
A12: 3 | B12: 0003 | C12: FC3006240-03 | D12: CONTA O-RING RD10xD1= 150/L= 513 | E12: 24 | F12: 8 | G12: AD
A13: 4 | B13: 0004 | C13: FCT00769063 | D13: CONTA CONTA_NBR_700_0° | E13: 24 | F13: 1 | G13: AD
A14: 5 | B14: 0005 | C14: FCT00769372 | D14: CONTA CONTA_NBR_700_15° | E14: 24 | F14: 1 | G14: AD
A15: 6 | B15: 0006 | C15: FCT00769373 | D15: CONTA CONTA_NBR_700_20° | E15: 24 | F15: 2 | G15: AD
A16: 7 | B16: 0007 | C16: FCT01140547 | D16: CONTA VULKANIZE | E16: 24 | F16: 1 | G16: AD
A17: 8 | B17: 0008 | C17: FC17731 | D17: CONTA YUV. RD100X5,5 | E17: 24 | F17: 56 | G17: AD
A18: 9 | B18: 0009 | C18: FC403792 | D18: LASTIK YUV. A10-NB | E18: 24 | F18: 10 | G18: M
A19: 10 | B19: 0010 | C19: FCT00800458 | D19: CONTA O-RING DN80 NBR | E19: 24 | F19: 28 | G19: AD
A20: 11 | B20: 0011 | C20: FC402511 | D20: CONTA O-RİNG 45,0x5,5 A NBR70 DN 25 | E20: 24 | F20: 25 | G20: AD
A21: 12 | B21: 0012 | C21: FC402512 | D21: CONTA O-RİNG 65X6,0 A NBR70 DN 40 | E21: 24 | F21: 25 | G21: AD
... A25: 16 | B25: 0016 | C25: FCT00769061 | D25: CONTA CONTA_NBR_500_0° | E25: 24 | F25: 4 | G25: AD
A26: 17
A27: 18
A28: 19 | D28: Trafoların hepsi tam kurulmayacağı için imalatın kullanmayacağı contalar
A29: 20 | C29: FC12631 | D29: CONTA | E29: 24 | F29: 1 | G29: AD | M29: Contalar işletme ile plde verilen diğer contaları karşılaştır. İşletme contalarında yoksa eklet.
A30: 21 | C30: FC163505 | D30: CONTA DUZ 25- 68 | E30: 24 | F30: 1 | G30: AD
A31: 22 | C31: FCT00800458 | D31: CONTA O-RING DN80 NBR | E31: 24 | F31: 28 | G31: AD
A32: 23 | C32: FC402515 | D32: CONTA O-RİNG 100X8,0 A NBR70 DN 80 | E32: 24 | F32: 10 | G32: AD
A33: 24 | C33: FC402511 | D33: CONTA O-RİNG 45,0x5,5 A NBR70 DN 25 | E33: 24 | F33: 36 | G33: AD
A34: 25 | C34: FC402512 | D34: CONTA O-RİNG 65X6,0 A NBR70 DN 40 | E34: 24 | F34: 12 | G34: AD
A35: 26 | C35: FC402513 | D35: CONTA O-RİNG 78X6,0 A NBR70 DN 50 | E35: 24 | F35: 4 | G35: AD
A36: 27 | C36: FCT00733941 | D36: CONTA VITON CONTA, QUALITROL BGV | E36: 24 | F36: 2 | G36: AD
A37: 28 | C37: FCT00682818 | D37: CONTA VITON CONTA, TASMA BORUSU | E37: 24 | F37: 2 | G37: AD
A38: 29
A39: 30
A40: 31
A41: 32
A42: 33
A43: 34
A44: 35 | C44: FCT00803854 | D44: KONSOL FAN MONTAJI | E44: 24 | F44: 28 | G44: AD
A45: 36 | C45: FC3098051-02 | D45: MONTAJ IZOLELI VANTILATOR (A2-70) | E45: 24 | F45: 14 | G45: AD
A46: 37 | C46: FC14004 | D46: BUSING MESNET IZOLATORU 1N-S1 ALCE | E46: 24 | F46: 56 | G46: AD
A47: 38 | C47: FC401570 | D47: CIVATA 6 KS. BA. M10X 16=A2-70 | E47: 24 | F47: 112 | G47: AD
A48: 39 | C48: FC400259 | D48: CIVATA 6 KS. BA. M10X 35=A2-70 | E48: 24 | F48: 56 | G48: AD
A49: 40 | C49: FC400272 | D49: PUL A10,5=NRST | E49: 24 | F49: 168 | G49: AD
A50: 41 | C50: FC3068108 | D50: KONSOL TUTUCU-U (IZOLELI VANT.MONT) | E50: 24 | F50: 56 | G50: AD
A51: 42 | C51: FC400273 | D51: PUL A13,0=NRST | E51: 24 | F51: 112 | G51: AD
A52: 43 | C52: FC400270 | D52: SOMUN 6 KS. BA. M12=A2-70 | E52: 24 | F52: 112 | G52: AD
A53: 44 | C53: FC3098044 | D53: KELEPCE (VANT.MONT.)A2-70 | E53: 24 | F53: 56 | G53: AD
A54: 45 | C54: FC400269 | D54: SOMUN 6 KS. BA. M10=A2-70 | E54: 24 | F54: 56 | G54: AD
A55: 46 | C55: FC3000503-13 | D55: PUL 15xRD14xRD26=PA6 | E55: 24 | F55: 56 | G55: AD

Sheet TRAFO MONTAJ EKİPMANLARI 3K
B1: KOLİ LİSTESİ DETAYI PACKING LIST DETAILS
A2: Tarih: Date: | B2: ='ÇALIŞMA SAYFASI'!C2 -> 46049 | C2: FB NO: SERİAL NO: | D2: ='ÇALIŞMA SAYFASI'!E2 -> PA600-44&53 | E2: Müşteri : Client: | F2: ='ÇALIŞMA SAYFASI'!G2 -> SONELGAZ | J2: Son Montaj Resmi No: | L2: ='ÇALIŞMA SAYFASI'!M2 -> T01140490
J3: Nakil Ölçü Resmi No: | L3: ='ÇALIŞMA SAYFASI'!M3 -> T01128380
A4: Sayfa No: Page No: | C4: Güç (MVA): Rated Power: | D4: ='ÇALIŞMA SAYFASI'!E4 -> 120 | E4: Adres: Location: | F4: ='ÇALIŞMA SAYFASI'!G4 -> ALGERIA | J4: Ölçü Resmi No: Dimensional Drw. No: | L4: ='ÇALIŞMA SAYFASI'!M4 -> T01128371
C6: Gerilim (kV): Rated Voltage: | D6: ='ÇALIŞMA SAYFASI'!E6 -> 220 | J6: Tekerlek Düzeni Res. No : | N6: Tek. Kod. No:
J7: Wheel Assembly Drw. No: | N7: Tek. Tesp. No:
A8: SIRA NO ITEM NO | B8: ÖLÇÜ RESMİ POZ. NO DIMENSIONAL DRW. POS. NO | C8: BARKOD NO BARCODE NO | D8: TANIM DESCRIPTION | E8: KOLİ NO CASE NO | F8: MİKTAR QUANTITY | G8: BİRİM UNIT | H8: PAKETLEYEN PACKER | I8: KONTROL CHECK | J8: REFERANS REFERENCE | M8: AÇIKLAMA REMARKS
J9: RESİM NO: DRW. NO: | K9: ALT RESİM NO: DRW. NO: | L9: POZ NO: POS. NO:
A10: 1 | C10: FCT00098050 | D10: CIVATA 6 KS. BA. M 6X 10=A2-70 | E10: 24 | F10: 30 | G10: AD | M10: Kutuların / paketlerin üstünde keisnlikle kod olacak
A11: 2 | C11: FC400288 | D11: CIVATA 6 KS. BA. M 8X 35=A2-70 | E11: 24 | F11: 60 | G11: AD
A12: 3 | C12: FC400258 | D12: CIVATA 6 KS. BA. M10X 30=A2-70 | E12: 24 | F12: 120 | G12: AD
A13: 4 | C13: FCT00686323 | D13: CIVATA 6 KS. BA. M10x35=A4-70 | E13: 24 | F13: 40 | G13: AD
A14: 5 | C14: FC400292 | D14: CIVATA 6 KS. BA. M12X 30=A2-70 | E14: 24 | F14: 90 | G14: AD
A15: 6 | C15: FC400262 | D15: CIVATA 6 KS. BA. M12X 45=A2-70 | E15: 24 | F15: 130 | G15: AD
A16: 7 | C16: FC400363 | D16: CIVATA 6 KS. BA. M12X 50=A2-70 | E16: 24 | F16: 190 | G16: AD
A17: 8 | C17: FC400379 | D17: CIVATA 6 KS. BA. M16X 45=A2-70 | E17: 24 | F17: 20 | G17: AD
A18: 9 | C18: FC111 | D18: CIVATA 6 KS. BA. M16X 60=8.8=A4G | E18: 24 | F18: 120 | G18: AD
A19: 10 | C19: FC400375 | D19: CIVATA 6 KS. BA. M16X 60=A2-70 | E19: 24 | F19: 40 | G19: AD
A20: 11 | C20: FC400381 | D20: CIVATA 6 KS. BA. M16X 70=A2-70 | E20: 24 | F20: 120 | G20: AD
A21: 12 | C21: FCT00721333 | D21: CIVATA 6 KS. BA. M16X55=A2-70 | E21: 24 | F21: 30 | G21: AD
A22: 13 | C22: FC402742 | D22: CIVATA 6 KS. BA. M16x80=A2-70 | E22: 24 | F22: 30 | G22: AD
... A56: 47 | C56: FC400750 | D56: SOMUN 6 KS. BA. M20=A2-70..x | E56: 24 | F56: 80 | G56: AD

Sheet TRAFO MONTAJ EKİPMANLARI SO
B1: KOLİ LİSTESİ DETAYI PACKING LIST DETAILS
A2: Tarih: Date: | B2: ='ÇALIŞMA SAYFASI'!C2 -> 46049 | C2: FB NO: SERİAL NO: | D2: ='ÇALIŞMA SAYFASI'!E2 -> PA600-44&53 | E2: Müşteri : Client: | F2: ='ÇALIŞMA SAYFASI'!G2 -> SONELGAZ | J2: Son Montaj Resmi No: | L2: ='ÇALIŞMA SAYFASI'!M2 -> T01140490
J3: Nakil Ölçü Resmi No: | L3: ='ÇALIŞMA SAYFASI'!M3 -> T01128380
A4: Sayfa No: Page No: | C4: Güç (MVA): Rated Power: | D4: ='ÇALIŞMA SAYFASI'!E4 -> 120 | E4: Adres: Location: | F4: ='ÇALIŞMA SAYFASI'!G4 -> ALGERIA | J4: Ölçü Resmi No: Dimensional Drw. No: | L4: ='ÇALIŞMA SAYFASI'!M4 -> T01128371
C6: Gerilim (kV): Rated Voltage: | D6: ='ÇALIŞMA SAYFASI'!E6 -> 220 | J6: Tekerlek Düzeni Res. No : | N6: Tek. Kod. No:
J7: Wheel Assembly Drw. No: | N7: Tek. Tesp. No:
A8: SIRA NO ITEM NO | B8: ÖLÇÜ RESMİ POZ. NO DIMENSIONAL DRW. POS. NO | C8: BARKOD NO BARCODE NO | D8: TANIM DESCRIPTION | E8: KOLİ NO CASE NO | F8: MİKTAR QUANTITY | G8: BİRİM UNIT | H8: PAKETLEYEN PACKER | I8: KONTROL CHECK | J8: REFERANS REFERENCE | M8: AÇIKLAMA REMARKS
J9: RESİM NO: DRW. NO: | K9: ALT RESİM NO: DRW. NO: | L9: POZ NO: POS. NO:
A10: 1 | B10: 0008 | C10: FC3098029 | D10: MONTAJ B.G.V. STANDART | E10: 24 | F10: 1 | G10: AD | J10: T01120674 | M10: Tepe Kodu
A11: 2 | B11: 0001 | C11: FC400270 | D11: SOMUN 6 KS. BA. M12=A2-70 | E11: 24 | F11: 6 | G11: AD | J11: T01120674
A12: 3 | B12: 0002 | C12: FC425882 | D12: PUL GENIS DUZ 13,0=A4 | E12: 24 | F12: 6 | G12: AD | J12: T01120674
A13: 4 | B13: 0004 | C13: FC12631 | D13: CONTA | E13: 24 | F13: 1 | G13: AD | J13: T01120674
A14: 5 | B14: 0005 | C14: FC400365 | D14: SAPLAMA M12x35 | E14: 24 | F14: 6 | G14: AD | J14: T01120674
A15: 6 | B15: 0009 | C15: FCT00733939 | D15: MONTAJ BASINC GIDER.VENTIL MONT.-QU-VITO | E15: 24 | F15: 2 | G15: AD | J15: T01120674 | M15: Tepe Kodu
A16: 7 | B16: 0001 | C16: FC400270 | D16: SOMUN 6 KS. BA. M12=A2-70 | E16: 24 | F16: 12 | G16: AD | J16: T01120674
A17: 8 | B17: 0002 | C17: FC425882 | D17: PUL GENIS DUZ 13,0=A4 | E17: 24 | F17: 12 | G17: AD | J17: T01120674
A18: 9 | B18: 0004 | C18: FCT00733941 | D18: CONTA VITON CONTA, QUALITROL BGV | E18: 24 | F18: 2 | G18: AD | J18: T01120674
A19: 10 | B19: 0005 | C19: FC400365 | D19: SAPLAMA M12x35 | E19: 24 | F19: 12 | G19: AD | J19: T01120674
A20: 11 | B20: 0006 | C20: FC3006180 | D20: FLANS | E20: 24 | F20: 2 | G20: AD | J20: T01120674
A21: 12 | B21: 0010 | C21: FCT00682818 | D21: CONTA VITON CONTA, TASMA BORUSU | E21: 24 | F21: 2 | G21: AD | J21: T01120674
A22: 13 | B22: 0029 | C22: FC3095251-01 | D22: MONTAJ TOPRAKLAMA MONT. M6x16-200 | E22: 24 | F22: 12 | G22: AD | J22: T01120674 | M22: Tepe Kodu
A23: 14 | B23: 0001 | C23: FC421956 | D23: KABLO TOPRAKLAMA ORG.M6x16-200 | E23: 24 | F23: 12 | G23: AD | J23: T01120674
A24: 15 | B24: 0002 | C24: FC3095330-02 | D24: MONTAJ KITI TOPRAKLAMA ( M 6 ) | E24: 24 | F24: 24 | G24: AD | J24: T01120674
A25: 16 | B25: 0004 | C25: FCT00098050 | D25: CIVATA 6 KS. BA. M 6X 10=A2-70 | E25: 24 | F25: 24 | G25: AD | J25: T01120674
A26: 17 | B26: 0006 | C26: FC400298 | D26: PUL A 6,4=NRST | E26: 24 | F26: 24 | G26: AD | J26: T01120674
A27: 18 | B27: 0033 | C27: FC3095251-06 | D27: MONTAJ TOPRAKLAMA MONT. M12x200-200 | E27: 24 | F27: 40 | G27: AD | J27: T01120674 | M27: Tepe Kodu
A28: 19 | B28: 0001 | C28: FCT00679060 | D28: KABLO TOPRAKLAMA ORG.M12x200-200 | E28: 24 | F28: 40 | G28: AD | J28: T01120674
A29: 20 | B29: 0002 | C29: FC400292 | D29: CIVATA 6 KS. BA. M12X 30=A2-70 | E29: 24 | F29: 80 | G29: AD | J29: T01120674
A30: 21 | B30: 0004 | C30: FC400273 | D30: PUL A13,0=NRST | E30: 24 | F30: 80 | G30: AD | J30: T01120674
A31: 22 | B31: 0300 | C31: FC3007302-04 | D31: MONTAJ KITI CIV.BAGLANTI DN25-A2-70 | E31: 24 | F31: 23 | G31: AD | J31: T01132063 | M31: Tepe Kodu
A32: 23 | B32: 0001 | C32: FC402511 | D32: CONTA O-RİNG 45,0x5,5 A NBR70 DN 25 | E32: 24 | F32: 23 | G32: AD | J32: T01132063
A33: 24 | B33: 0002 | C33: FC400363 | D33: CIVATA 6 KS. BA. M12X 50=A2-70 | E33: 24 | F33: 92 | G33: AD | J33: T01132063
A34: 25 | B34: 0003 | C34: FC400270 | D34: SOMUN 6 KS. BA. M12=A2-70 | E34: 24 | F34: 92 | G34: AD | J34: T01132063
A35: 26 | B35: 0004 | C35: FC400273 | D35: PUL A13,0=NRST | E35: 24 | F35: 184 | G35: AD | J35: T01132063
A36: 27 | B36: 0301 | C36: FC400263 | D36: CIVATA,6KŞ.BA. M12X 60=A2-70 | E36: 24 | F36: 23 | G36: AD | J36: T01132063
A37: 28 | B37: 0302 | C37: FC400381 | D37: CIVATA 6 KS. BA. M16X 70=A2-70 | E37: 24 | F37: 5 | G37: AD | J37: T01132063
A38: 29 | B38: 0303 | C38: FC3007302-06 | D38: MONTAJ KITI CIV.BAGLANTI DN40-A2-70 | E38: 24 | F38: 5 | G38: AD | J38: T01132063 | M38: Tepe Kodu
A39: 30 | B39: 0001 | C39: FC402512 | D39: CONTA O-RİNG 65X6,0 A NBR70 DN 40 | E39: 24 | F39: 5 | G39: AD | J39: T01132063
A40: 31 | B40: 0002 | C40: FC400375 | D40: CIVATA 6 KS. BA. M16X 60=A2-70 | E40: 24 | F40: 20 | G40: AD | J40: T01132063
A41: 32 | B41: 0003 | C41: FC400380 | D41: SOMUN 6 KS. BA. M16=A2-70 | E41: 24 | F41: 20 | G41: AD | J41: T01132063
A42: 33 | B42: 0004 | C42: FC400378 | D42: PUL A17,0=NRST | E42: 24 | F42: 40 | G42: AD | J42: T01132063
A43: 34 | B43: 0304 | C43: FC3099022-02 | D43: MONTAJ KITI KOR FLNS.(DN 25)O-R/A2-70 | E43: 24 | F43: 3 | G43: AD | J43: T01132063 | M43: Tepe Kodu
A44: 35 | B44: 0001 | C44: FC400363 | D44: CIVATA 6 KS. BA. M12X 50=A2-70 | E44: 24 | F44: 12 | G44: AD | J44: T01132063
A45: 36 | B45: 0002 | C45: FC400270 | D45: SOMUN 6 KS. BA. M12=A2-70 | E45: 24 | F45: 12 | G45: AD | J45: T01132063
A46: 37 | B46: 0003 | C46: FC402511 | D46: CONTA O-RİNG 45,0x5,5 A NBR70 DN 25 | E46: 24 | F46: 3 | G46: AD | J46: T01132063
A47: 38 | B47: 0004 | C47: FC3006190-03 | D47: FLANS KOR DN25 O- RING | E47: 24 | F47: 3 | G47: AD | J47: T01132063
A48: 39 | B48: 0005 | C48: FC400273 | D48: PUL A13,0=NRST | E48: 24 | F48: 24 | G48: AD | J48: T01132063
A49: 40 | B49: 0305 | C49: FC3099022-03 | D49: MONTAJ KITI KOR FLNS.(DN 40)O-R/A2-70 | E49: 24 | F49: 1 | G49: AD | J49: T01132063 | M49: Tepe Kodu
A50: 41 | B50: 0001 | C50: FC400375 | D50: CIVATA 6 KS. BA. M16X 60=A2-70 | E50: 24 | F50: 4 | G50: AD | J50: T01132063
A51: 42 | B51: 0002 | C51: FC400380 | D51: SOMUN 6 KS. BA. M16=A2-70 | E51: 24 | F51: 4 | G51: AD | J51: T01132063
A52: 43 | B52: 0003 | C52: FC402512 | D52: CONTA O-RİNG 65X6,0 A NBR70 DN 40 | E52: 24 | F52: 1 | G52: AD | J52: T01132063
A53: 44 | B53: 0004 | C53: FC3006190-05 | D53: FLANS KOR DN40 O-RING | E53: 24 | F53: 1 | G53: AD | J53: T01132063
A54: 45 | B54: 0005 | C54: FC400378 | D54: PUL A17,0=NRST | E54: 24 | F54: 8 | G54: AD | J54: T01132063
A55: 46 | B55: 0306 | C55: FC3099022-04 | D55: MONTAJ KITI KOR FLNS.(DN 50)O-R/A2-70 | E55: 24 | F55: 2 | G55: AD | J55: T01132063 | M55: Tepe Kodu
A56: 47 | B56: 0001 | C56: FC400375 | D56: CIVATA 6 KS. BA. M16X 60=A2-70 | E56: 24 | F56: 8 | G56: AD | J56: T01132063
A57: 48 | B57: 0002 | C57: FC400380 | D57: SOMUN 6 KS. BA. M16=A2-70 | E57: 24 | F57: 8 | G57: AD | J57: T01132063
A58: 49 | B58: 0003 | C58: FC402513 | D58: CONTA O-RİNG 78X6,0 A NBR70 DN 50 | E58: 24 | F58: 2 | G58: AD | J58: T01132063
A59: 50 | B59: 0004 | C59: FC3006190-06 | D59: FLANS KOR DN50 O-RING | E59: 24 | F59: 2 | G59: AD | J59: T01132063
A60: 51 | B60: 0005 | C60: FC400378 | D60: PUL A17,0=NRST | E60: 24 | F60: 16 | G60: AD | J60: T01132063
A61: 52 | B61: 0308 | C61: FCT00787585 | D61: MONTAJ VANA OMV MONT. DN 40 / O-RING A2- | E61: 24 | F61: 3 | G61: AD | J61: T01132063 | M61: Tepe Kodu
A62: 53 | B62: 0001 | C62: FCT00787561 | D62: VANA BALL VALVE FLANGED PN 16 - DN 40 (O | E62: 24 | F62: 3 | G62: AD | J62: T01132063
A63: 54 | B63: 0002 | C63: FCT00773497 | D63: MONTAJ KITI CIV.BAGLANTI DN40-A2-70 | E63: 24 | F63: 6 | G63: AD | J63: T01132063 | M63: Tepe Kodu
A64: 55 | B64: 0001 | C64: FC402512 | D64: CONTA O-RİNG 65X6,0 A NBR70 DN 40 | E64: 24 | F64: 6 | G64: AD | J64: T01132063
A65: 56 | B65: 0002 | C65: FCT00721333 | D65: CIVATA 6 KS. BA. M16X55=A2-70 | E65: 24 | F65: 24 | G65: AD | J65: T01132063
A66: 57 | B66: 0003 | C66: FC400380 | D66: SOMUN 6 KS. BA. M16=A2-70 | E66: 24 | F66: 24 | G66: AD | J66: T01132063
A67: 58 | B67: 0004 | C67: FC400378 | D67: PUL A17,0=NRST | E67: 24 | F67: 48 | G67: AD | J67: T01132063
A68: 59 | B68: 0312 | C68: FCT00787581 | D68: MONTAJ VANA OMV MONT. DN 25 / O-RING A2- | E68: 24 | F68: 4 | G68: AD | J68: T01132063 | M68: Tepe Kodu
A69: 60 | B69: 0001 | C69: FCT00787555 | D69: VANA BALL VALVE FLANGED PN 16 - DN 25 (O | E69: 24 | F69: 4 | G69: AD | J69: T01132063
A70: 61 | B70: 0002 | C70: FC3007302-04 | D70: MONTAJ KITI CIV.BAGLANTI DN25-A2-70 | E70: 24 | F70: 8 | G70: AD | J70: T01132063 | M70: Tepe Kodu
A71: 62 | B71: 0001 | C71: FC402511 | D71: CONTA O-RİNG 45,0x5,5 A NBR70 DN 25 | E71: 24 | F71: 8 | G71: AD | J71: T01132063
A72: 63 | B72: 0002 | C72: FC400363 | D72: CIVATA 6 KS. BA. M12X 50=A2-70 | E72: 24 | F72: 32 | G72: AD | J72: T01132063
A73: 64 | B73: 0003 | C73: FC400270 | D73: SOMUN 6 KS. BA. M12=A2-70 | E73: 24 | F73: 32 | G73: AD | J73: T01132063
A74: 65 | B74: 0004 | C74: FC400273 | D74: PUL A13,0=NRST | E74: 24 | F74: 64 | G74: AD | J74: T01132063
A75: 66 | B75: 0318 | C75: FC3099008-03 | D75: MONTAJ KITI KOR FLANS(NEM ALICI) | E75: 24 | F75: 2 | G75: AD | J75: T01132063 | M75: Tepe Kodu
A76: 67 | B76: 0001 | C76: FC163779 | D76: FLANS KOR | E76: 24 | F76: 2 | G76: AD | J76: T01132063
A77: 68 | B77: 0002 | C77: FC400273 | D77: PUL A13,0=NRST | E77: 24 | F77: 2 | G77: AD | J77: T01132063
A78: 69 | B78: 0003 | C78: FC400270 | D78: SOMUN 6 KS. BA. M12=A2-70 | E78: 24 | F78: 2 | G78: AD | J78: T01132063
A79: 70 | B79: 0004 | C79: FC400262 | D79: CIVATA 6 KS. BA. M12X 45=A2-70 | E79: 24 | F79: 2 | G79: AD | J79: T01132063
A80: 71 | B80: 0005 | C80: FC19719 | D80: LASTIK RULO NB-R4X1000 | E80: 24 | F80: 0.016 | G80: M2 | J80: T01132063
A81: 72 | B81: 0320 | C81: FC3090156 | D81: MONTAJ KITI SAPLAMALI BAGLANTI M16 | E81: 24 | F81: 8 | G81: AD | J81: T01132063 | M81: Tepe Kodu
A82: 73 | B82: 0001 | C82: FC400368 | D82: SAPLAMA M16x45 | E82: 24 | F82: 8 | G82: AD | J82: T01132063
A83: 74 | B83: 0002 | C83: FC400380 | D83: SOMUN 6 KS. BA. M16=A2-70 | E83: 24 | F83: 8 | G83: AD | J83: T01132063
A84: 75 | B84: 0003 | C84: FC400378 | D84: PUL A17,0=NRST | E84: 24 | F84: 8 | G84: AD | J84: T01132063
A85: 76 | B85: 0321 | C85: FCT01127890 | D85: MONTAJ ŞALT.KORM.RÖLE MONT.O-R/A2-70 OMV | E85: 24 | F85: 1 | G85: AD | J85: T01132063 | M85: Tepe Kodu
A86: 77 | B86: 0001 | C86: FCT00787555 | D86: VANA BALL VALVE FLANGED PN 16 - DN 25 (O | E86: 24 | F86: 1 | G86: AD | J86: T01132063
A87: 78 | B87: 0002 | C87: FC163505 | D87: CONTA DUZ 25- 68 | E87: 24 | F87: 1 | G87: AD | J87: T01132063
A88: 79 | B88: 0003 | C88: FC402511 | D88: CONTA O-RİNG 45,0x5,5 A NBR70 DN 25 | E88: 24 | F88: 2 | G88: AD | J88: T01132063
A89: 80 | B89: 0004 | C89: FC400273 | D89: PUL A13,0=NRST | E89: 24 | F89: 24 | G89: AD | J89: T01132063
A90: 81 | B90: 0005 | C90: FC400270 | D90: SOMUN 6 KS. BA. M12=A2-70 | E90: 24 | F90: 12 | G90: AD | J90: T01132063
A91: 82 | B91: 0006 | C91: FC400363 | D91: CIVATA 6 KS. BA. M12X 50=A2-70 | E91: 24 | F91: 12 | G91: AD | J91: T01132063
A92: 83 | B92: 0322 | C92: FCT00686321 | D92: MONTAJ TUTUCU MONT.(BORU TESP.)-A4-70 | E92: 24 | F92: 30 | G92: AD | J92: T01132063 | M92: Tepe Kodu
A93: 84 | B93: 0001 | C93: FCT00686323 | D93: CIVATA 6 KS. BA. M10x35=A4-70 | E93: 24 | F93: 30 | G93: AD | J93: T01132063
A94: 85 | B94: 0002 | C94: FC4327389 | D94: SOMUN 6 KS. BA. M10=A4-70 | E94: 24 | F94: 30 | G94: AD | J94: T01132063
A95: 86 | B95: 0003 | C95: FCT00685197 | D95: PUL A10,5=A4-70 | E95: 24 | F95: 60 | G95: AD | J95: T01132063
A96: 87 | B96: 0330 | C96: FCT00787587 | D96: MONTAJ VANA OMV MONT. DN 50 / O-RING A2- | E96: 24 | F96: 1 | G96: AD | J96: T01132063 | M96: Tepe Kodu
A97: 88 | B97: 0001 | C97: FCT00787563 | D97: VANA BALL VALVE FLANGED PN 16 - DN 50 (O | E97: 24 | F97: 1 | G97: AD | J97: T01132063
A98: 89 | B98: 0002 | C98: FC3007302-08 | D98: MONTAJ KITI CIV.BAGLANTI DN50-A2-70 | E98: 24 | F98: 2 | G98: AD | J98: T01132063 | M98: Tepe Kodu
A99: 90 | B99: 0001 | C99: FC402513 | D99: CONTA O-RİNG 78X6,0 A NBR70 DN 50 | E99: 24 | F99: 2 | G99: AD | J99: T01132063
A100: 91 | B100: 0002 | C100: FC400375 | D100: CIVATA 6 KS. BA. M16X 60=A2-70 | E100: 24 | F100: 8 | G100: AD | J100: T01132063
A101: 92 | B101: 0003 | C101: FC400380 | D101: SOMUN 6 KS. BA. M16=A2-70 | E101: 24 | F101: 8 | G101: AD | J101: T01132063
...

Sheet ÇALIŞMA SAYFASI YDK
C1: ÇIKTI ALMA! ÇALIŞMA SAYFASI (KOLİ LİSTESİ DETAYI) ÇIKTI ALMA! DO NOT PRINT! WORKING PAGE (PACKING LIST DETAILS) DO NOT PRINT!
B2: Tarih: Date: | C2: =TODAY() -> 46128 | D2: FB NO: SERİAL NO: | E2: PA600-43&53 | F2: Müşteri : Client: | G2: SONELGAZ | K2: Son Montaj resmi No: | M2: T01140490
K3: Nakil Ölçü Resmi No: | M3: T01128380
D4: Güç (MVA): Rated Power: | E4: 120 | K4: Ölçü Resmi No: Dimensional Drw. No: | M4: T01128371
D6: Gerilim (kV): Rated Voltage: | E6: 220 | K6: Tekerlek Düzeni Res. No : | O6: Tek. Kod. No:
K7: Wheel Assembly Drw. No: | O7: Tek. Tesp. No:
C8: ÖLÇÜ RESMİ POZ.NO DIMENSIONAL DRW. POS. NO | D8: BARKOD NO BARCODE NO | E8: TANIM DESCRIPTION | F8: KOLİ NO CASE NO | G8: MİKTAR QUANTITY | H8: BİRİM UNIT | I8: PAKETLEYEN PACKER | J8: KONTROL CHECK | K8: REFERANS REFERENCE | N8: AÇIKLAMA REMARKS
A9: No | K9: RESİM NO: DRW. NO: | L9: ALT RESİM NO: DRW. NO: | M9: POZ NO: POS. NO:
A10: 1 | B10: FALSE | D10: FCT01120660 | E10: Transformatör \Transformer Main Body | F10: 1 | G10: 1 | H10: ADET
A11: 2 | B11: FALSE | E11: Darbe Kayıt Cihazı \Shock Recorder | H11: ADET
A12: 3 | B12: FALSE | C12: BZ150 | D12: FCT00924920 | E12: Firma plakası \Name Plate | F12: 1 | G12: 1 | H12: ADET
A13: 4 | B13: FALSE | C13: BZ151 | D13: FCT00959727 | E13: İşaret Plakası \Rating Plate | G13: 1 | H13: ADET
A14: 5 | B14: FALSE | C14: BZ160 | D14: FCT00959729 | E14: Donanım Plakası \Piping Plate | G14: 1 | H14: ADET
A15: 6 | B15: FALSE | E15: Transport Konsolu \Transport Console | H15: ADET
A16: 7 | B16: FALSE | D16: FC3092407-03 | E16: Titreşim önleme takozu \Anti vibration pad | G16: 9 | H16: SET
A17: 8 | B17: FALSE | C17: AE001 | D17: FC3097144-01 | E17: Tekerlek Düzeni \Wheel Assembly | F17: 2 | G17: 4 | H17: ADET
A18: 9 | B18: FALSE | C18: AE001 | D18: FC3097824 | E18: İki Parçalı Flanş \Flange | F18: 2 | G18: 4 | H18: ADET | N18: MONTAJ KITI TEK.DUZ_70TON_FLNS2PARC_RAY_
A19: 10 | B19: FALSE | C19: AE001 | D19: FC3097771 | E19: Tekerlek Montajı FIBER GLAS PARCA FLANS,HGW ( 50TON TEK.) \Wheel Mounting | F19: 2 | G19: 4 | H19: ADET | N19: FIBER GLAS PARCA FLANS,HGW ( 50TON TEK.)
A20: 11 | B20: FALSE | C20: AE001 | D20: FC401212 | E20: Tekerlek Montajı IZOLASYON PARCASI BORU 27X5 X55=PA6 \Wheel Mounting | F20: 2 | G20: 32 | H20: ADET | N20: IZOLASYON PARCASI BORU 27X5 X55=PA6
A21: 12 | B21: FALSE | C21: AE001 | D21: FC401220 | E21: Tekerlek Montajı FIBER GLAS PARCA PUL,,HGW 28,0X40,0X 6,0 \Wheel Mounting | F21: 2 | G21: 32 | H21: ADET | N21: FIBER GLAS PARCA PUL,,HGW 28,0X40,0X 6,0
A22: 13 | B22: FALSE | C22: AE001 | D22: FC3095004-01 | E22: Tekerlek Montajı PUL 17,0X45,0X 5,0=CRNI \Wheel Mounting | F22: 2 | G22: 32 | H22: ADET | N22: PUL 17,0X45,0X 5,0=CRNI
A23: 14 | B23: FALSE | C23: AE001 | D23: FC402742 | E23: Tekerlek Montajı CIVATA 6 KS. BA. M16x80=A2-70 \Wheel Mounting | F23: 2 | G23: 32 | H23: ADET | N23: CIVATA 6 KS. BA. M16x80=A2-70
A24: 15 | B24: FALSE | C24: AE001 | D24: FC112044 | E24: Merkezleme Saplaması SAPLAMA OZEL \Centering Bolt | F24: 2 | G24: 4 | H24: ADET | N24: SAPLAMA OZEL
A25: 16 | B25: FALSE | C25: BZ115 | D25: FC571107 | E25: Tekerlek Freni \Wheel Blocking | F25: 2 | G25: 2 | H25: ADET | N25: ............ mm KOD: ............
A26: 17 | B26: FALSE | C26: BB085 | D26: SMC | E26: Genleşme Kabı \Conservator | F26: 5 | G26: 1 | H26: ADET
A27: 18 | B27: FALSE | D27: SMC | E27: Trafo Nem Alıcı Borusu \Trans. Dehydrating BreatherPipe | F27: 5 | G27: 1 | H27: ADET | K27: T10574774 | L27: PA600-43-53.21.00000 | M27: 2
A28: 19 | B28: FALSE | C28: AA345 | D28: FCT00787561 | E28: DN40 Vana \DN 40 Type Valve | F28: 5 | G28: 1 | H28: ADET
A29: 20 | B29: FALSE | C29: CL060 | D29: FCT01167974 | E29: Yağ Seviye Göstergesi \Oil Level Indicator | F29: 5 | G29: 1 | H29: ADET | N29: YAG SEVIYE GOSTERGESI MTO-STF160G/2CO/C5
A30: 20 | B30: FALSE | C30: CL064 | D30: FCT01167975 | E30: Yağ Seviye Göstergesi \Oil Level Indicator | F30: 5 | G30: 1 | H30: ADET | N30: YAG SEVIYE GOSTERGESI MTO-STF160G/2CO/C5
A31: 21 | B31: FALSE | C31: BZ150 | D31: FCT00924920 | E31: Firma plakası \Name Plate | F31: 5 | G31: 1 | H31: ADET
A32: 22 | B32: FALSE | C32: AT001 | D32: FC420793 | E32: Nem Alıcı \Dehydrating Breather | F32: 5 | G32: 1 | H32: ADET | N32: NEM ALICI DIN 42562-L5
A33: 22 | B33: FALSE | C33: AT005 | D33: FC401128 | E33: Nem Alıcı \Dehydrating Breather | F33: 5 | G33: 1 | H33: ADET | N33: NEM ALICI DIN 42562-L1
A34: 23 | B34: FALSE | C34: CF101 | D34: FCT00674569 | E34: Buchholz Rölesi \Buchholz Relay | F34: 5 | G34: 1 | H34: ADET | N34: Depo üstünde montajlı \Mounted on the conservator
A35: 24 | B35: FALSE | D35: FC4324045 | E35: Boya Son Kat RAL 9006_C5 \Touch up Paint | F35: 5 | G35: 3 | H35: ADET | N35: 6 Kg.
A36: 25 | B36: FALSE | D36: FC4324045-01 | E36: Sertleştirici \Paint Hardener | F36: 5 | G36: 3 | H36: ADET | N36: 0,7 Kg.
A37: 26 | B37: FALSE | D37: FC4324046 | E37: Kırmızı Astar Boya \Paint Red | F37: 5 | G37: 3 | H37: ADET | N37: EPOTAN HS MASTIC GRİ BA124G2305 \1.KAT ASTAR 3 KG
A38: 27 | B38: FALSE | D38: FC4324048 | E38: Gri Astar Boya \Paint Gray | F38: 5 | G38: 3 | H38: ADET | N38: YÜKSEK KATILI EPOKSİ ASTAR (RAL 7042) \ARAKAT ASTAR 3 KG
A39: 28 | B39: FALSE | D39: FC4324049 | E39: Beyaz Astar Boya \Paint White | F39: 5 | G39: 3 | H39: ADET | N39: ASTAR EPOXY SERT İLE (RAL 9010 ) \İç ASTAR 1 KG
A40: 29 | B40: FALSE | C40: BQ150 | D40: SMC | E40: Depo Konsolu \Conservator Support | F40: 24 | G40: 2 | H40: ADET | K40: T10574774 | L40: PA600-43-53-.04.00000 | M40: 11 13
A41: 30 | B41: FALSE | C41: BQ150 | D41: SMC | E41: Depo Konsol Çaprazı \Conservator Cross Support | F41: 24 | G41: 4 | H41: ADET | K41: T10574774 | L41: PA600-43-53-.04.00000 | M41: 2
A42: 31 | B42: FALSE | C42: BQ150 | D42: SMC | E42: Depo Konsol Çaprazı \Conservator Cross Support | F42: 24 | G42: 2 | H42: ADET | K42: T10574774 | L42: PA600-43-53-.04.00000 | M42: 3 | N42: KARE PARÇA \SQUARE PART
A43: 32 | B43: FALSE | D43: SMC | E43: Rad.İlave Borusu \Radıator Pipe | F43: 24 | G43: 28 | H43: ADET
A44: 33 | B44: FALSE | C44: AC600 | D44: FCT01140482 | E44: Radyatör \Radiator | F44: 6 | G44: 2 | H44: ADET
A45: 33 | B45: FALSE | C45: AC600 | D45: FCT01140482 | E45: Radyatör \Radiator | F45: 7 | G45: 2 | H45: ADET
A46: 33 | B46: FALSE | C46: AC600 | D46: FCT01140484 | E46: Radyatör \Radiator | F46: 8 | G46: 3 | H46: ADET
A47: 33 | B47: FALSE | C47: AC600 | D47: FCT01140484 | E47: Radyatör \Radiator | F47: 9 | G47: 1 | H47: ADET
A48: 33 | B48: FALSE | C48: AC600 | D48: FCT01140477 | E48: Radyatör \Radiator | F48: 9 | G48: 2 | H48: ADET
A49: 33 | B49: FALSE | C49: AC600 | D49: FCT01140477 | E49: Radyatör \Radiator | F49: 10 | G49: 3 | H49: ADET
A50: 33 | B50: FALSE | C50: AC600 | D50: FCT01140477 | E50: Radyatör \Radiator | F50: 11 | G50: 3 | H50: ADET
A51: 33 | B51: FALSE | C51: AC600 | D51: FCT01140477 | E51: Radyatör \Radiator | F51: 12 | G51: 3 | H51: ADET
A52: 33 | B52: FALSE | C52: AC600 | D52: FCT01140477 | E52: Radyatör \Radiator | F52: 13 | G52: 3 | H52: ADET
A53: 33 | B53: FALSE | C53: AC600 | D53: FCT01140477 | E53: Radyatör \Radiator | F53: 14 | G53: 3 | H53: ADET
A54: 33 | B54: FALSE | C54: AC600 | D54: FCT01140477 | E54: Radyatör \Radiator | F54: 15 | G54: 3 | H54: ADET
A55: 34 | B55: FALSE | C55: AN701 | D55: FCT01130231 | E55: Vantilatör \Cooling Fan | F55: 16 | G55: 3 | H55: ADET | N55: FAN VAAZ_C_1000_7.3m3-s_M132-12-C5-VH_RA
A56: 34 | B56: FALSE | C56: AN701 | D56: FCT01130231 | E56: Vantilatör \Cooling Fan | F56: 17 | G56: 3 | H56: ADET | N56: FAN VAAZ_C_1000_7.3m3-s_M132-12-C5-VH_RA
A57: 34 | B57: FALSE | C57: AN701 | D57: FCT01130231 | E57: Vantilatör \Cooling Fan | F57: 18 | G57: 4 | H57: ADET | N57: FAN VAAZ_C_1000_7.3m3-s_M132-12-C5-VH_RA
A58: 34 | B58: FALSE | C58: AN701 | D58: FCT01130231 | E58: Vantilatör \Cooling Fan | F58: 19 | G58: 4 | H58: ADET | N58: FAN VAAZ_C_1000_7.3m3-s_M132-12-C5-VH_RA
A59: 35 | B59: FALSE | D59: SMC | E59: İletken Sevk Kabı \Conductıve Box | H59: ADET
A60: 36 | B60: FALSE | D60: SMC | E60: Soğutucu Borusu \Cooler Pipe | H60: ADET
A61: 37 | B61: FALSE | E61: DN100 Vana \ DN100 Valve | H61: ADET
A62: 38 | B62: FALSE | E62: Soğutucu Borusu Kompanzator \Cooler Pipe Companzator | H62: ADET
A63: 39 | B63: FALSE | D63: SMC | E63: Sogutucu Boru Taşıyıcı \Pipe Support | H63: ADET
A64: 40 | B64: FALSE | E64: Kablo Kanal Konsl.(Lama) \Collector Support | H64: ADET
A65: 41 | B65: FALSE | D65: SMC | E65: Soğutucu Borusu Adaptör \Cooler Pipe | H65: ADET | N65: Kısa Boru pompa önüne gelen\ Short Pipe
A66: 42 | B66: FALSE | D66: SMC | E66: YG.Yaglı Kablo Kutusu \HV Turret | H66: ADET
A67: 43 | B67: FALSE | D67: SMC | E67: AG. Domları \LV Turret | F67: 22 | G67: 4 | H67: ADET
A68: 44 | B68: FALSE | D68: SMC | E68: YG.N Domları \HV N Turret | G68: 1 | H68: ADET
A69: 45 | B69: FALSE | D69: SMC | E69: YG. Domları \HV Turret | F69: 20 | G69: 2 | H69: ADET
A70: 45 | B70: FALSE | D70: SMC | E70: YG. Domları \HV Turret | F70: 21 | G70: 2 | H70: ADET
A71: 46 | B71: FALSE | C71: GD001 | D71: FCT01121003 | E71: YG.Buşingi \HV Bushing | F71: 28 | G71: 1 | H71: ADET | N71: BUSING PNR.245.1050.1250 K=600
A72: 47 | B72: FALSE | C72: GD001 | D72: FCT01121003-01 | E72: Uç Barası \HV Bushing Terminal Connector | F72: 28 | G72: 1 | H72: ADET
A73: 46 | B73: FALSE | C73: GD001 | D73: FCT01121003 | E73: YG.Buşingi \HV Bushing | F73: 29 | G73: 1 | H73: ADET | N73: BUSING PNR.245.1050.1250 K=600
A74: 47 | B74: FALSE | C74: GD001 | D74: FCT01121003-01 | E74: Uç Barası \HV Bushing Terminal Connector | F74: 29 | G74: 1 | H74: ADET
A75: 46 | B75: FALSE | C75: GD001 | D75: FCT01121003 | E75: YG.Buşingi \HV Bushing | F75: 30 | G75: 1 | H75: ADET | N75: BUSING PNR.245.1050.1250 K=600
A76: 47 | B76: FALSE | C76: GD001 | D76: FCT01121003-01 | E76: Uç Barası \HV Bushing Terminal Connector | F76: 30 | G76: 1 | H76: ADET
A77: 48 | B77: FALSE | C77: GD002 | D77: FCT01122834 | E77: YG.N.Buşingi \HV.N Bushing | F77: 31 | G77: 1 | H77: ADET | N77: BUSING PNR.245.1050.1250 K=0
A78: 49 | B78: FALSE | C78: GD002 | D78: FCT01122834-01 | E78: Uç Barası \N Bushing Terminal Connector | F78: 31 | G78: 1 | H78: ADET
A79: 50 | B79: FALSE | C79: GD010 | D79: FCT01121004 | E79: AG.Buşingi \LV Bushing | F79: 32 | G79: 1 | H79: ADET | N79: BUSING PNR.72,5.350.2000 K=500
A80: 51 | B80: FALSE | C80: GD010 | D80: FCT01121004-01 | E80: Uç Barası \LV Bushing Terminal Connector | F80: 32 | G80: 1 | H80: ADET
A81: 50 | B81: FALSE | C81: GD010 | D81: FCT01121004 | E81: AG.Buşingi \LV Bushing | F81: 33 | G81: 1 | H81: ADET | N81: BUSING PNR.72,5.350.2000 K=500
A82: 51 | B82: FALSE | C82: GD010 | D82: FCT01121004-01 | E82: Uç Barası \LV Bushing Terminal Connector | F82: 33 | G82: 1 | H82: ADET
A83: 50 | B83: FALSE | C83: GD010 | D83: FCT01121004 | E83: AG.Buşingi \LV Bushing | F83: 34 | G83: 1 | H83: ADET | N83: BUSING PNR.72,5.350.2000 K=500
A84: 51 | B84: FALSE | C84: GD010 | D84: FCT01121004-01 | E84: Uç Barası \LV Bushing Terminal Connector | F84: 34 | G84: 1 | H84: ADET
A85: 48 | B85: FALSE | C85: GD002 | D85: FCT01122835 | E85: AG.N.Buşingi \LV.N Bushing | F85: 35 | G85: 1 | H85: ADET | N85: BUSING PNR.72,5.350.2000 K=0
A86: 49 | B86: FALSE | C86: GD002 | D86: FCT01122835-01 | E86: Uç Barası \N Bushing Terminal Connector | F86: 35 | G86: 1 | H86: ADET
A87: 52 | B87: FALSE | D87: FCT01121005 | E87: Tersiyer Bushıng \Tertıary Bushıng | F87: 36 | G87: 1 | H87: ADET | N87: BUSING PNR.24.125.3150 K=500
A88: 53 | B88: FALSE | D88: FCT01121005-01 | E88: Uç Barası \HV Bushing Terminal Connector | F88: 36 | G88: 1 | H88: ADET
A89: 52 | B89: FALSE | D89: FCT01121005 | E89: Tersiyer Bushıng \Tertıary Bushıng | F89: 37 | G89: 1 | H89: ADET | N89: BUSING PNR.24.125.3150 K=500
A90: 53 | B90: FALSE | D90: FCT01121005-01 | E90: Uç Barası \HV Bushing Terminal Connector | F90: 37 | G90: 1 | H90: ADET
A91: 52 | B91: FALSE | D91: FCT01121005 | E91: Tersiyer Bushıng \Tertıary Bushıng | F91: 38 | G91: 1 | H91: ADET | N91: BUSING PNR.24.125.3150 K=500
A92: 53 | B92: FALSE | D92: FCT01121005-01 | E92: Uç Barası \HV Bushing Terminal Connector | F92: 38 | G92: 1 | H92: ADET
A93: 52 | B93: FALSE | D93: FCT01121005 | E93: Tersiyer Bushıng \Tertıary Bushıng | F93: 39 | G93: 1 | H93: ADET | N93: BUSING PNR.24.125.3150 K=500
A94: 53 | B94: FALSE | D94: FCT01121005-01 | E94: Uç Barası \HV Bushing Terminal Connector | F94: 39 | G94: 1 | H94: ADET
A95: 54 | B95: FALSE | D95: SMC | E95: Kollektör \Collector | H95: ADET
A96: 55 | B96: FALSE | D96: SMC | E96: Kollektör Ana Konsl.Takviyesi \Collector Support | H96: ADET
A97: 56 | B97: FALSE | D97: SMC | E97: Kollektör Konsl.Takviyesi \Collector Support | H97: ADET
A98: 57 | B98: FALSE | D98: SMC | E98: Kollektör Konsl.Takviyesi \Collector Support | H98: ADET
A99: 58 | B99: FALSE | D99: SMC | E99: Kollektör Ana Konsol \Collector Support | H99: ADET
A100: 59 | B100: FALSE | D100: SMC | E100: Kollektör Ara Konsol \Collector Support | H100: ADET
A101: 60 | B101: FALSE | D101: SMC | E101: Yaglı Kablo Kutusu Konsolu \Cable Box Support | H101: ADET
...
